strategy,run,metric,batch,value
Pure CE,exp-tsc-8k-purece-t1-48h-3L-3.4M-1,Loss,1,4.532896
Pure CE,exp-tsc-8k-purece-t1-48h-3L-3.4M-1,Loss,2,2.91608
Pure CE,exp-tsc-8k-purece-t1-48h-3L-3.4M-1,Loss,3,2.708682
Pure CE,exp-tsc-8k-purece-t1-48h-3L-3.4M-1,Loss,4,2.46465
Pure CE,exp-tsc-8k-purece-t1-48h-3L-3.4M-1,Loss,5,2.12409
Pure CE,exp-tsc-8k-purece-t1-48h-3L-3.4M-1,Loss,6,1.762054
Pure CE,exp-tsc-8k-purece-t1-48h-3L-3.4M-1,Loss,7,1.447085
Pure CE,exp-tsc-8k-purece-t1-48h-3L-3.4M-1,Loss,8,1.110093
Pure CE,exp-tsc-8k-purece-t1-48h-3L-3.4M-1,Loss,9,0.863505
Pure CE,exp-tsc-8k-purece-t1-48h-3L-3.4M-1,Loss,10,0.677696
Pure CE,exp-tsc-8k-purece-t1-48h-3L-3.4M-1,Loss,11,0.499283
Pure CE,exp-tsc-8k-purece-t1-48h-3L-3.4M-1,Loss,12,0.38362
Pure CE,exp-tsc-8k-purece-t1-48h-3L-3.4M-1,Loss,13,0.307698
Pure CE,exp-tsc-8k-purece-t1-48h-3L-3.4M-1,Loss,14,0.261349
Pure CE,exp-tsc-8k-purece-t1-48h-3L-3.4M-1,Loss,15,0.212725
Pure CE,exp-tsc-8k-purece-t1-48h-3L-3.4M-1,Loss,16,0.160538
Pure CE,exp-tsc-8k-purece-t1-48h-3L-3.4M-1,Loss,17,0.187186
Pure CE,exp-tsc-8k-purece-t1-48h-3L-3.4M-1,Loss,18,0.159175
Pure CE,exp-tsc-8k-purece-t1-48h-3L-3.4M-1,Loss,19,0.192306
Pure CE,exp-tsc-8k-purece-t1-48h-3L-3.4M-1,Loss,20,0.180866
Pure CE,exp-tsc-8k-purece-t1-48h-3L-3.4M-1,Loss,21,0.176415
Pure CE,exp-tsc-8k-purece-t1-48h-3L-3.4M-1,Loss,22,0.125564
Pure CE,exp-tsc-8k-purece-t1-48h-3L-3.4M-1,Loss,23,0.106248
Pure CE,exp-tsc-8k-purece-t1-48h-3L-3.4M-1,Loss,24,0.101708
Pure CE,exp-tsc-8k-purece-t1-48h-3L-3.4M-1,Loss,25,0.154958
Pure CE,exp-tsc-8k-purece-t1-48h-3L-3.4M-1,Loss,26,0.148482
Pure CE,exp-tsc-8k-purece-t1-48h-3L-3.4M-1,Loss,27,0.111834
Pure CE,exp-tsc-8k-purece-t1-48h-3L-3.4M-1,Loss,28,0.113453
Pure CE,exp-tsc-8k-purece-t1-48h-3L-3.4M-1,Loss,29,0.105527
Pure CE,exp-tsc-8k-purece-t1-48h-3L-3.4M-1,Loss,30,0.109161
Pure CE,exp-tsc-8k-purece-t1-48h-3L-3.4M-1,Loss,31,0.093033
Pure CE,exp-tsc-8k-purece-t1-48h-3L-3.4M-1,Loss,32,0.094188
Pure CE,exp-tsc-8k-purece-t1-48h-3L-3.4M-1,Loss,33,0.114435
Pure CE,exp-tsc-8k-purece-t1-48h-3L-3.4M-1,Loss,34,0.119573
Pure CE,exp-tsc-8k-purece-t1-48h-3L-3.4M-1,Loss,35,0.0995
Pure CE,exp-tsc-8k-purece-t1-48h-3L-3.4M-1,Loss,36,0.100426
Pure CE,exp-tsc-8k-purece-t1-48h-3L-3.4M-1,Loss,37,0.106775
Pure CE,exp-tsc-8k-purece-t1-48h-3L-3.4M-1,Loss,38,0.091231
Pure CE,exp-tsc-8k-purece-t1-48h-3L-3.4M-1,Loss,39,0.087471
Pure CE,exp-tsc-8k-purece-t1-48h-3L-3.4M-1,Loss,40,0.102658
Pure CE,exp-tsc-8k-purece-t1-48h-3L-3.4M-1,Loss,41,0.088142
Pure CE,exp-tsc-8k-purece-t1-48h-3L-3.4M-1,Loss,42,0.105921
Pure CE,exp-tsc-8k-purece-t1-48h-3L-3.4M-1,Loss,43,0.109353
Pure CE,exp-tsc-8k-purece-t1-48h-3L-3.4M-1,Loss,44,0.117612
Pure CE,exp-tsc-8k-purece-t1-48h-3L-3.4M-1,Loss,45,0.130454
Pure CE,exp-tsc-8k-purece-t1-48h-3L-3.4M-1,Loss,46,0.083672
Pure CE,exp-tsc-8k-purece-t1-48h-3L-3.4M-1,Loss,47,0.114538
Pure CE,exp-tsc-8k-purece-t1-48h-3L-3.4M-1,Loss,48,0.107049
Pure CE,exp-tsc-8k-purece-t1-48h-3L-3.4M-1,Loss,49,0.116
Pure CE,exp-tsc-8k-purece-t1-48h-3L-3.4M-1,Loss,50,0.095566
Pure CE,exp-tsc-8k-purece-t1-48h-3L-3.4M-1,Loss,51,0.083246
Pure CE,exp-tsc-8k-purece-t1-48h-3L-3.4M-1,Loss,52,0.084138
Pure CE,exp-tsc-8k-purece-t1-48h-3L-3.4M-1,Loss,53,0.092992
Pure CE,exp-tsc-8k-purece-t1-48h-3L-3.4M-1,Loss,54,0.08487
Pure CE,exp-tsc-8k-purece-t1-48h-3L-3.4M-1,Loss,55,0.098536
Pure CE,exp-tsc-8k-purece-t1-48h-3L-3.4M-1,Loss,56,0.089876
Pure CE,exp-tsc-8k-purece-t1-48h-3L-3.4M-1,Loss,57,0.091357
Pure CE,exp-tsc-8k-purece-t1-48h-3L-3.4M-1,Loss,58,0.082554
Pure CE,exp-tsc-8k-purece-t1-48h-3L-3.4M-1,Loss,59,0.067308
Pure CE,exp-tsc-8k-purece-t1-48h-3L-3.4M-1,Loss,60,0.091343
Pure CE,exp-tsc-8k-purece-t1-48h-3L-3.4M-1,Loss,61,0.091999
Pure CE,exp-tsc-8k-purece-t1-48h-3L-3.4M-1,Loss,62,0.088796
Pure CE,exp-tsc-8k-purece-t1-48h-3L-3.4M-1,Loss,63,0.092402
Pure CE,exp-tsc-8k-purece-t1-48h-3L-3.4M-1,Loss,64,0.084286
Pure CE,exp-tsc-8k-purece-t1-48h-3L-3.4M-1,Loss,65,0.089943
Pure CE,exp-tsc-8k-purece-t1-48h-3L-3.4M-1,Loss,66,0.089513
Pure CE,exp-tsc-8k-purece-t1-48h-3L-3.4M-1,Loss,67,0.08389
Pure CE,exp-tsc-8k-purece-t1-48h-3L-3.4M-1,Loss,68,0.086987
Pure CE,exp-tsc-8k-purece-t1-48h-3L-3.4M-1,Loss,69,0.083106
Pure CE,exp-tsc-8k-purece-t1-48h-3L-3.4M-1,Loss,70,0.080639
Pure CE,exp-tsc-8k-purece-t1-48h-3L-3.4M-1,Loss,71,0.082125
Pure CE,exp-tsc-8k-purece-t1-48h-3L-3.4M-1,Loss,72,0.097848
Pure CE,exp-tsc-8k-purece-t1-48h-3L-3.4M-1,Loss,73,0.091302
Pure CE,exp-tsc-8k-purece-t1-48h-3L-3.4M-1,Loss,74,0.089334
Pure CE,exp-tsc-8k-purece-t1-48h-3L-3.4M-1,Loss,75,0.102462
Pure CE,exp-tsc-8k-purece-t1-48h-3L-3.4M-1,Loss,76,0.075593
Pure CE,exp-tsc-8k-purece-t1-48h-3L-3.4M-1,Loss,77,0.077947
Pure CE,exp-tsc-8k-purece-t1-48h-3L-3.4M-1,Loss,78,0.103818
Pure CE,exp-tsc-8k-purece-t1-48h-3L-3.4M-1,Loss,79,0.094173
Pure CE,exp-tsc-8k-purece-t1-48h-3L-3.4M-1,Loss,80,0.083229
Pure CE,exp-tsc-8k-purece-t1-48h-3L-3.4M-1,Loss,81,0.080567
Pure CE,exp-tsc-8k-purece-t1-48h-3L-3.4M-1,Loss,82,0.084014
Pure CE,exp-tsc-8k-purece-t1-48h-3L-3.4M-1,Loss,83,0.095524
Pure CE,exp-tsc-8k-purece-t1-48h-3L-3.4M-1,Loss,84,0.076341
Pure CE,exp-tsc-8k-purece-t1-48h-3L-3.4M-1,Loss,85,0.083699
Pure CE,exp-tsc-8k-purece-t1-48h-3L-3.4M-1,Loss,86,0.0782
Pure CE,exp-tsc-8k-purece-t1-48h-3L-3.4M-1,Loss,87,0.087044
Pure CE,exp-tsc-8k-purece-t1-48h-3L-3.4M-1,Loss,88,0.080028
Pure CE,exp-tsc-8k-purece-t1-48h-3L-3.4M-1,Loss,89,0.084105
Pure CE,exp-tsc-8k-purece-t1-48h-3L-3.4M-1,Loss,90,0.089534
Pure CE,exp-tsc-8k-purece-t1-48h-3L-3.4M-1,Loss,91,0.075533
Pure CE,exp-tsc-8k-purece-t1-48h-3L-3.4M-1,Loss,92,0.085064
Pure CE,exp-tsc-8k-purece-t1-48h-3L-3.4M-1,Loss,93,0.075978
Pure CE,exp-tsc-8k-purece-t1-48h-3L-3.4M-1,Loss,94,0.075262
Pure CE,exp-tsc-8k-purece-t1-48h-3L-3.4M-1,Loss,95,0.104412
Pure CE,exp-tsc-8k-purece-t1-48h-3L-3.4M-1,Loss,96,0.066826
Pure CE,exp-tsc-8k-purece-t1-48h-3L-3.4M-1,Loss,97,0.119564
Pure CE,exp-tsc-8k-purece-t1-48h-3L-3.4M-1,Loss,98,0.094025
Pure CE,exp-tsc-8k-purece-t1-48h-3L-3.4M-1,Loss,99,0.100819
Pure CE,exp-tsc-8k-purece-t1-48h-3L-3.4M-1,Loss,100,0.094946
Pure CE,exp-tsc-8k-purece-t1-48h-3L-3.4M-1,Loss,101,0.08087
Pure CE,exp-tsc-8k-purece-t1-48h-3L-3.4M-1,Loss,102,0.099488
Pure CE,exp-tsc-8k-purece-t1-48h-3L-3.4M-1,Loss,103,0.075824
Pure CE,exp-tsc-8k-purece-t1-48h-3L-3.4M-1,Loss,104,0.071022
Pure CE,exp-tsc-8k-purece-t1-48h-3L-3.4M-1,Loss,105,0.064598
Pure CE,exp-tsc-8k-purece-t1-48h-3L-3.4M-1,Loss,106,0.067389
Pure CE,exp-tsc-8k-purece-t1-48h-3L-3.4M-1,Loss,107,0.063793
Pure CE,exp-tsc-8k-purece-t1-48h-3L-3.4M-1,Loss,108,0.069048
Pure CE,exp-tsc-8k-purece-t1-48h-3L-3.4M-1,Loss,109,0.078893
Pure CE,exp-tsc-8k-purece-t1-48h-3L-3.4M-1,Loss,110,0.081535
Pure CE,exp-tsc-8k-purece-t1-48h-3L-3.4M-1,Loss,111,0.083568
Pure CE,exp-tsc-8k-purece-t1-48h-3L-3.4M-1,Loss,112,0.075587
Pure CE,exp-tsc-8k-purece-t1-48h-3L-3.4M-1,Loss,113,0.060043
Pure CE,exp-tsc-8k-purece-t1-48h-3L-3.4M-1,Loss,114,0.064179
Pure CE,exp-tsc-8k-purece-t1-48h-3L-3.4M-1,Loss,115,0.060875
Pure CE,exp-tsc-8k-purece-t1-48h-3L-3.4M-1,Loss,116,0.068839
Pure CE,exp-tsc-8k-purece-t1-48h-3L-3.4M-1,Loss,117,0.069423
Pure CE,exp-tsc-8k-purece-t1-48h-3L-3.4M-1,Loss,118,0.065715
Pure CE,exp-tsc-8k-purece-t1-48h-3L-3.4M-1,Loss,119,0.070634
Pure CE,exp-tsc-8k-purece-t1-48h-3L-3.4M-1,Loss,120,0.050932
Pure CE,exp-tsc-8k-purece-t1-48h-3L-3.4M-1,Loss,121,0.062272
Pure CE,exp-tsc-8k-purece-t1-48h-3L-3.4M-1,Loss,122,0.07193
Pure CE,exp-tsc-8k-purece-t1-48h-3L-3.4M-1,Loss,123,0.07004
Pure CE,exp-tsc-8k-purece-t1-48h-3L-3.4M-1,Loss,124,0.063131
Pure CE,exp-tsc-8k-purece-t1-48h-3L-3.4M-1,Loss,125,0.06646
Pure CE,exp-tsc-8k-purece-t1-48h-3L-3.4M-1,Loss,126,0.061793
Pure CE,exp-tsc-8k-purece-t1-48h-3L-3.4M-1,Loss,127,0.06939
Pure CE,exp-tsc-8k-purece-t1-48h-3L-3.4M-1,Loss,128,0.061498
Pure CE,exp-tsc-8k-purece-t1-48h-3L-3.4M-1,Loss,129,0.059289
Pure CE,exp-tsc-8k-purece-t1-48h-3L-3.4M-1,Loss,130,0.057706
Pure CE,exp-tsc-8k-purece-t1-48h-3L-3.4M-1,Loss,131,0.073955
Pure CE,exp-tsc-8k-purece-t1-48h-3L-3.4M-1,Loss,132,0.06573
Pure CE,exp-tsc-8k-purece-t1-48h-3L-3.4M-1,Loss,133,0.075689
Pure CE,exp-tsc-8k-purece-t1-48h-3L-3.4M-1,Loss,134,0.065547
Pure CE,exp-tsc-8k-purece-t1-48h-3L-3.4M-1,Loss,135,0.077797
Pure CE,exp-tsc-8k-purece-t1-48h-3L-3.4M-1,Loss,136,0.082249
Pure CE,exp-tsc-8k-purece-t1-48h-3L-3.4M-1,Loss,137,0.060486
Pure CE,exp-tsc-8k-purece-t1-48h-3L-3.4M-1,Loss,138,0.057659
Pure CE,exp-tsc-8k-purece-t1-48h-3L-3.4M-1,Loss,139,0.065456
Pure CE,exp-tsc-8k-purece-t1-48h-3L-3.4M-1,Loss,140,0.065946
Pure CE,exp-tsc-8k-purece-t1-48h-3L-3.4M-1,Loss,141,0.055071
Pure CE,exp-tsc-8k-purece-t1-48h-3L-3.4M-1,Loss,142,0.059307
Pure CE,exp-tsc-8k-purece-t1-48h-3L-3.4M-1,Loss,143,0.057108
Pure CE,exp-tsc-8k-purece-t1-48h-3L-3.4M-1,Loss,144,0.063385
Pure CE,exp-tsc-8k-purece-t1-48h-3L-3.4M-1,Loss,145,0.061276
Pure CE,exp-tsc-8k-purece-t1-48h-3L-3.4M-1,Loss,146,0.051622
Pure CE,exp-tsc-8k-purece-t1-48h-3L-3.4M-1,Loss,147,0.057957
Pure CE,exp-tsc-8k-purece-t1-48h-3L-3.4M-1,Loss,148,0.078966
Pure CE,exp-tsc-8k-purece-t1-48h-3L-3.4M-1,Loss,149,0.066194
Pure CE,exp-tsc-8k-purece-t1-48h-3L-3.4M-1,Loss,150,0.045245
Pure CE,exp-tsc-8k-purece-t1-48h-3L-3.4M-1,Loss,151,0.063533
Pure CE,exp-tsc-8k-purece-t1-48h-3L-3.4M-1,Loss,152,0.058801
Pure CE,exp-tsc-8k-purece-t1-48h-3L-3.4M-1,Loss,153,0.058462
Pure CE,exp-tsc-8k-purece-t1-48h-3L-3.4M-1,Loss,154,0.071536
Pure CE,exp-tsc-8k-purece-t1-48h-3L-3.4M-1,Loss,155,0.048519
Pure CE,exp-tsc-8k-purece-t1-48h-3L-3.4M-1,Loss,156,0.065751
Pure CE,exp-tsc-8k-purece-t1-48h-3L-3.4M-1,Loss,157,0.055069
Pure CE,exp-tsc-8k-purece-t1-48h-3L-3.4M-1,Loss,158,0.040672
Pure CE,exp-tsc-8k-purece-t1-48h-3L-3.4M-1,Loss,159,0.068121
Pure CE,exp-tsc-8k-purece-t1-48h-3L-3.4M-1,Loss,160,0.042427
Pure CE,exp-tsc-8k-purece-t1-48h-3L-3.4M-1,Loss,161,0.042713
Pure CE,exp-tsc-8k-purece-t1-48h-3L-3.4M-1,Loss,162,0.057551
Pure CE,exp-tsc-8k-purece-t1-48h-3L-3.4M-1,Loss,163,0.060872
Pure CE,exp-tsc-8k-purece-t1-48h-3L-3.4M-1,Loss,164,0.073034
Pure CE,exp-tsc-8k-purece-t1-48h-3L-3.4M-1,Loss,165,0.0383
Pure CE,exp-tsc-8k-purece-t1-48h-3L-3.4M-1,Loss,166,0.064639
Pure CE,exp-tsc-8k-purece-t1-48h-3L-3.4M-1,Loss,167,0.050042
Pure CE,exp-tsc-8k-purece-t1-48h-3L-3.4M-1,Loss,168,0.059703
Pure CE,exp-tsc-8k-purece-t1-48h-3L-3.4M-1,Loss,169,0.060457
Pure CE,exp-tsc-8k-purece-t1-48h-3L-3.4M-1,Loss,170,0.074064
Pure CE,exp-tsc-8k-purece-t1-48h-3L-3.4M-1,Loss,171,0.070598
Pure CE,exp-tsc-8k-purece-t1-48h-3L-3.4M-1,Loss,172,0.045837
Pure CE,exp-tsc-8k-purece-t1-48h-3L-3.4M-1,Loss,173,0.049891
Pure CE,exp-tsc-8k-purece-t1-48h-3L-3.4M-1,Loss,174,0.053545
Pure CE,exp-tsc-8k-purece-t1-48h-3L-3.4M-1,Loss,175,0.052223
Pure CE,exp-tsc-8k-purece-t1-48h-3L-3.4M-1,Loss,176,0.081421
Pure CE,exp-tsc-8k-purece-t1-48h-3L-3.4M-1,Loss,177,0.057507
Pure CE,exp-tsc-8k-purece-t1-48h-3L-3.4M-1,Loss,178,0.05774
Pure CE,exp-tsc-8k-purece-t1-48h-3L-3.4M-1,Loss,179,0.059509
Pure CE,exp-tsc-8k-purece-t1-48h-3L-3.4M-1,Loss,180,0.045953
Pure CE,exp-tsc-8k-purece-t1-48h-3L-3.4M-1,Loss,181,0.05214
Pure CE,exp-tsc-8k-purece-t1-48h-3L-3.4M-1,Loss,182,0.057538
Pure CE,exp-tsc-8k-purece-t1-48h-3L-3.4M-1,Loss,183,0.056919
Pure CE,exp-tsc-8k-purece-t1-48h-3L-3.4M-1,Loss,184,0.064294
Pure CE,exp-tsc-8k-purece-t1-48h-3L-3.4M-1,Loss,185,0.060711
Pure CE,exp-tsc-8k-purece-t1-48h-3L-3.4M-1,Loss,186,0.068616
Pure CE,exp-tsc-8k-purece-t1-48h-3L-3.4M-1,Loss,187,0.065023
Pure CE,exp-tsc-8k-purece-t1-48h-3L-3.4M-1,Loss,188,0.052024
Pure CE,exp-tsc-8k-purece-t1-48h-3L-3.4M-1,Loss,189,0.053051
Pure CE,exp-tsc-8k-purece-t1-48h-3L-3.4M-1,Loss,190,0.046181
Pure CE,exp-tsc-8k-purece-t1-48h-3L-3.4M-1,Loss,191,0.055776
Pure CE,exp-tsc-8k-purece-t1-48h-3L-3.4M-1,Loss,192,0.058333
Pure CE,exp-tsc-8k-purece-t1-48h-3L-3.4M-1,Loss,193,0.055754
Pure CE,exp-tsc-8k-purece-t1-48h-3L-3.4M-1,Loss,194,0.05536
Pure CE,exp-tsc-8k-purece-t1-48h-3L-3.4M-1,Loss,195,0.051817
Pure CE,exp-tsc-8k-purece-t1-48h-3L-3.4M-1,Loss,196,0.056328
Pure CE,exp-tsc-8k-purece-t1-48h-3L-3.4M-1,Loss,197,0.055136
Pure CE,exp-tsc-8k-purece-t1-48h-3L-3.4M-1,Loss,198,0.048769
Pure CE,exp-tsc-8k-purece-t1-48h-3L-3.4M-1,Loss,199,0.062593
Pure CE,exp-tsc-8k-purece-t1-48h-3L-3.4M-1,Loss,200,0.046019
Pure CE,exp-tsc-8k-purece-t1-48h-3L-3.4M-1,Loss,201,0.059626
Pure CE,exp-tsc-8k-purece-t1-48h-3L-3.4M-1,Loss,202,0.045257
Pure CE,exp-tsc-8k-purece-t1-48h-3L-3.4M-1,Loss,203,0.052237
Pure CE,exp-tsc-8k-purece-t1-48h-3L-3.4M-1,Loss,204,0.054721
Pure CE,exp-tsc-8k-purece-t1-48h-3L-3.4M-1,Loss,205,0.053587
Pure CE,exp-tsc-8k-purece-t1-48h-3L-3.4M-1,Loss,206,0.039507
Pure CE,exp-tsc-8k-purece-t1-48h-3L-3.4M-1,Loss,207,0.061075
Pure CE,exp-tsc-8k-purece-t1-48h-3L-3.4M-1,Loss,208,0.058881
Pure CE,exp-tsc-8k-purece-t1-48h-3L-3.4M-1,Loss,209,0.055881
Pure CE,exp-tsc-8k-purece-t1-48h-3L-3.4M-1,Loss,210,0.058112
Pure CE,exp-tsc-8k-purece-t1-48h-3L-3.4M-1,Loss,211,0.041295
Pure CE,exp-tsc-8k-purece-t1-48h-3L-3.4M-1,Loss,212,0.053647
Pure CE,exp-tsc-8k-purece-t1-48h-3L-3.4M-1,Loss,213,0.047247
Pure CE,exp-tsc-8k-purece-t1-48h-3L-3.4M-1,Loss,214,0.062548
Pure CE,exp-tsc-8k-purece-t1-48h-3L-3.4M-1,Loss,215,0.047691
Pure CE,exp-tsc-8k-purece-t1-48h-3L-3.4M-1,Loss,216,0.062458
Pure CE,exp-tsc-8k-purece-t1-48h-3L-3.4M-1,Loss,217,0.050541
Pure CE,exp-tsc-8k-purece-t1-48h-3L-3.4M-1,Loss,218,0.054644
Pure CE,exp-tsc-8k-purece-t1-48h-3L-3.4M-1,Loss,219,0.052105
Pure CE,exp-tsc-8k-purece-t1-48h-3L-3.4M-1,Loss,220,0.058117
Pure CE,exp-tsc-8k-purece-t1-48h-3L-3.4M-1,Loss,221,0.061845
Pure CE,exp-tsc-8k-purece-t1-48h-3L-3.4M-1,Loss,222,0.065622
Pure CE,exp-tsc-8k-purece-t1-48h-3L-3.4M-1,Loss,223,0.049231
Pure CE,exp-tsc-8k-purece-t1-48h-3L-3.4M-1,Loss,224,0.06766
Pure CE,exp-tsc-8k-purece-t1-48h-3L-3.4M-1,Loss,225,0.053152
Pure CE,exp-tsc-8k-purece-t1-48h-3L-3.4M-1,Loss,226,0.057718
Pure CE,exp-tsc-8k-purece-t1-48h-3L-3.4M-1,Loss,227,0.047026
Pure CE,exp-tsc-8k-purece-t1-48h-3L-3.4M-1,Loss,228,0.04992
Pure CE,exp-tsc-8k-purece-t1-48h-3L-3.4M-1,Loss,229,0.05103
Pure CE,exp-tsc-8k-purece-t1-48h-3L-3.4M-1,Loss,230,0.051545
Pure CE,exp-tsc-8k-purece-t1-48h-3L-3.4M-1,Loss,231,0.049719
Pure CE,exp-tsc-8k-purece-t1-48h-3L-3.4M-1,Loss,232,0.059133
Pure CE,exp-tsc-8k-purece-t1-48h-3L-3.4M-1,Loss,233,0.055808
Pure CE,exp-tsc-8k-purece-t1-48h-3L-3.4M-1,Loss,234,0.051052
Pure CE,exp-tsc-8k-purece-t1-48h-3L-3.4M-1,Loss,235,0.051519
Pure CE,exp-tsc-8k-purece-t1-48h-3L-3.4M-1,Loss,236,0.05266
Pure CE,exp-tsc-8k-purece-t1-48h-3L-3.4M-1,Loss,237,0.063937
Pure CE,exp-tsc-8k-purece-t1-48h-3L-3.4M-1,Loss,238,0.04714
Pure CE,exp-tsc-8k-purece-t1-48h-3L-3.4M-1,Loss,239,0.062237
Pure CE,exp-tsc-8k-purece-t1-48h-3L-3.4M-1,Loss,240,0.047717
Pure CE,exp-tsc-8k-purece-t1-48h-3L-3.4M-1,Loss,241,0.049682
Pure CE,exp-tsc-8k-purece-t1-48h-3L-3.4M-1,Loss,242,0.060342
Pure CE,exp-tsc-8k-purece-t1-48h-3L-3.4M-1,Loss,243,0.04686
Pure CE,exp-tsc-8k-purece-t1-48h-3L-3.4M-1,Loss,244,0.054416
Pure CE,exp-tsc-8k-purece-t1-48h-3L-3.4M-1,Loss,245,0.059191
Pure CE,exp-tsc-8k-purece-t1-48h-3L-3.4M-1,Loss,246,0.046001
Pure CE,exp-tsc-8k-purece-t1-48h-3L-3.4M-1,Loss,247,0.052667
Pure CE,exp-tsc-8k-purece-t1-48h-3L-3.4M-1,Loss,248,0.052477
Pure CE,exp-tsc-8k-purece-t1-48h-3L-3.4M-1,Loss,249,0.046768
Pure CE,exp-tsc-8k-purece-t1-48h-3L-3.4M-1,KL Loss,1,4.524299
Pure CE,exp-tsc-8k-purece-t1-48h-3L-3.4M-1,KL Loss,2,2.917403
Pure CE,exp-tsc-8k-purece-t1-48h-3L-3.4M-1,KL Loss,3,2.712669
Pure CE,exp-tsc-8k-purece-t1-48h-3L-3.4M-1,KL Loss,4,2.47174
Pure CE,exp-tsc-8k-purece-t1-48h-3L-3.4M-1,KL Loss,5,2.134116
Pure CE,exp-tsc-8k-purece-t1-48h-3L-3.4M-1,KL Loss,6,1.77419
Pure CE,exp-tsc-8k-purece-t1-48h-3L-3.4M-1,KL Loss,7,1.463196
Pure CE,exp-tsc-8k-purece-t1-48h-3L-3.4M-1,KL Loss,8,1.131943
Pure CE,exp-tsc-8k-purece-t1-48h-3L-3.4M-1,KL Loss,9,0.878779
Pure CE,exp-tsc-8k-purece-t1-48h-3L-3.4M-1,KL Loss,10,0.696231
Pure CE,exp-tsc-8k-purece-t1-48h-3L-3.4M-1,KL Loss,11,0.531309
Pure CE,exp-tsc-8k-purece-t1-48h-3L-3.4M-1,KL Loss,12,0.415997
Pure CE,exp-tsc-8k-purece-t1-48h-3L-3.4M-1,KL Loss,13,0.338015
Pure CE,exp-tsc-8k-purece-t1-48h-3L-3.4M-1,KL Loss,14,0.299037
Pure CE,exp-tsc-8k-purece-t1-48h-3L-3.4M-1,KL Loss,15,0.253412
Pure CE,exp-tsc-8k-purece-t1-48h-3L-3.4M-1,KL Loss,16,0.193747
Pure CE,exp-tsc-8k-purece-t1-48h-3L-3.4M-1,KL Loss,17,0.22034
Pure CE,exp-tsc-8k-purece-t1-48h-3L-3.4M-1,KL Loss,18,0.189918
Pure CE,exp-tsc-8k-purece-t1-48h-3L-3.4M-1,KL Loss,19,0.212162
Pure CE,exp-tsc-8k-purece-t1-48h-3L-3.4M-1,KL Loss,20,0.20896
Pure CE,exp-tsc-8k-purece-t1-48h-3L-3.4M-1,KL Loss,21,0.206255
Pure CE,exp-tsc-8k-purece-t1-48h-3L-3.4M-1,KL Loss,22,0.16488
Pure CE,exp-tsc-8k-purece-t1-48h-3L-3.4M-1,KL Loss,23,0.147611
Pure CE,exp-tsc-8k-purece-t1-48h-3L-3.4M-1,KL Loss,24,0.144617
Pure CE,exp-tsc-8k-purece-t1-48h-3L-3.4M-1,KL Loss,25,0.184579
Pure CE,exp-tsc-8k-purece-t1-48h-3L-3.4M-1,KL Loss,26,0.157166
Pure CE,exp-tsc-8k-purece-t1-48h-3L-3.4M-1,KL Loss,27,0.12531
Pure CE,exp-tsc-8k-purece-t1-48h-3L-3.4M-1,KL Loss,28,0.126491
Pure CE,exp-tsc-8k-purece-t1-48h-3L-3.4M-1,KL Loss,29,0.116917
Pure CE,exp-tsc-8k-purece-t1-48h-3L-3.4M-1,KL Loss,30,0.127277
Pure CE,exp-tsc-8k-purece-t1-48h-3L-3.4M-1,KL Loss,31,0.108451
Pure CE,exp-tsc-8k-purece-t1-48h-3L-3.4M-1,KL Loss,32,0.110173
Pure CE,exp-tsc-8k-purece-t1-48h-3L-3.4M-1,KL Loss,33,0.128985
Pure CE,exp-tsc-8k-purece-t1-48h-3L-3.4M-1,KL Loss,34,0.13068
Pure CE,exp-tsc-8k-purece-t1-48h-3L-3.4M-1,KL Loss,35,0.117181
Pure CE,exp-tsc-8k-purece-t1-48h-3L-3.4M-1,KL Loss,36,0.110403
Pure CE,exp-tsc-8k-purece-t1-48h-3L-3.4M-1,KL Loss,37,0.108873
Pure CE,exp-tsc-8k-purece-t1-48h-3L-3.4M-1,KL Loss,38,0.098982
Pure CE,exp-tsc-8k-purece-t1-48h-3L-3.4M-1,KL Loss,39,0.10668
Pure CE,exp-tsc-8k-purece-t1-48h-3L-3.4M-1,KL Loss,40,0.107712
Pure CE,exp-tsc-8k-purece-t1-48h-3L-3.4M-1,KL Loss,41,0.097057
Pure CE,exp-tsc-8k-purece-t1-48h-3L-3.4M-1,KL Loss,42,0.112318
Pure CE,exp-tsc-8k-purece-t1-48h-3L-3.4M-1,KL Loss,43,0.116342
Pure CE,exp-tsc-8k-purece-t1-48h-3L-3.4M-1,KL Loss,44,0.121267
Pure CE,exp-tsc-8k-purece-t1-48h-3L-3.4M-1,KL Loss,45,0.139268
Pure CE,exp-tsc-8k-purece-t1-48h-3L-3.4M-1,KL Loss,46,0.097422
Pure CE,exp-tsc-8k-purece-t1-48h-3L-3.4M-1,KL Loss,47,0.11971
Pure CE,exp-tsc-8k-purece-t1-48h-3L-3.4M-1,KL Loss,48,0.111111
Pure CE,exp-tsc-8k-purece-t1-48h-3L-3.4M-1,KL Loss,49,0.128313
Pure CE,exp-tsc-8k-purece-t1-48h-3L-3.4M-1,KL Loss,50,0.108022
Pure CE,exp-tsc-8k-purece-t1-48h-3L-3.4M-1,KL Loss,51,0.099413
Pure CE,exp-tsc-8k-purece-t1-48h-3L-3.4M-1,KL Loss,52,0.099834
Pure CE,exp-tsc-8k-purece-t1-48h-3L-3.4M-1,KL Loss,53,0.106421
Pure CE,exp-tsc-8k-purece-t1-48h-3L-3.4M-1,KL Loss,54,0.106169
Pure CE,exp-tsc-8k-purece-t1-48h-3L-3.4M-1,KL Loss,55,0.116335
Pure CE,exp-tsc-8k-purece-t1-48h-3L-3.4M-1,KL Loss,56,0.109828
Pure CE,exp-tsc-8k-purece-t1-48h-3L-3.4M-1,KL Loss,57,0.116466
Pure CE,exp-tsc-8k-purece-t1-48h-3L-3.4M-1,KL Loss,58,0.098962
Pure CE,exp-tsc-8k-purece-t1-48h-3L-3.4M-1,KL Loss,59,0.088936
Pure CE,exp-tsc-8k-purece-t1-48h-3L-3.4M-1,KL Loss,60,0.114803
Pure CE,exp-tsc-8k-purece-t1-48h-3L-3.4M-1,KL Loss,61,0.114454
Pure CE,exp-tsc-8k-purece-t1-48h-3L-3.4M-1,KL Loss,62,0.114774
Pure CE,exp-tsc-8k-purece-t1-48h-3L-3.4M-1,KL Loss,63,0.112871
Pure CE,exp-tsc-8k-purece-t1-48h-3L-3.4M-1,KL Loss,64,0.103356
Pure CE,exp-tsc-8k-purece-t1-48h-3L-3.4M-1,KL Loss,65,0.109244
Pure CE,exp-tsc-8k-purece-t1-48h-3L-3.4M-1,KL Loss,66,0.114319
Pure CE,exp-tsc-8k-purece-t1-48h-3L-3.4M-1,KL Loss,67,0.10528
Pure CE,exp-tsc-8k-purece-t1-48h-3L-3.4M-1,KL Loss,68,0.112784
Pure CE,exp-tsc-8k-purece-t1-48h-3L-3.4M-1,KL Loss,69,0.106999
Pure CE,exp-tsc-8k-purece-t1-48h-3L-3.4M-1,KL Loss,70,0.105495
Pure CE,exp-tsc-8k-purece-t1-48h-3L-3.4M-1,KL Loss,71,0.101917
Pure CE,exp-tsc-8k-purece-t1-48h-3L-3.4M-1,KL Loss,72,0.115812
Pure CE,exp-tsc-8k-purece-t1-48h-3L-3.4M-1,KL Loss,73,0.109158
Pure CE,exp-tsc-8k-purece-t1-48h-3L-3.4M-1,KL Loss,74,0.107855
Pure CE,exp-tsc-8k-purece-t1-48h-3L-3.4M-1,KL Loss,75,0.117287
Pure CE,exp-tsc-8k-purece-t1-48h-3L-3.4M-1,KL Loss,76,0.098018
Pure CE,exp-tsc-8k-purece-t1-48h-3L-3.4M-1,KL Loss,77,0.104595
Pure CE,exp-tsc-8k-purece-t1-48h-3L-3.4M-1,KL Loss,78,0.11397
Pure CE,exp-tsc-8k-purece-t1-48h-3L-3.4M-1,KL Loss,79,0.100105
Pure CE,exp-tsc-8k-purece-t1-48h-3L-3.4M-1,KL Loss,80,0.100239
Pure CE,exp-tsc-8k-purece-t1-48h-3L-3.4M-1,KL Loss,81,0.10264
Pure CE,exp-tsc-8k-purece-t1-48h-3L-3.4M-1,KL Loss,82,0.109116
Pure CE,exp-tsc-8k-purece-t1-48h-3L-3.4M-1,KL Loss,83,0.105079
Pure CE,exp-tsc-8k-purece-t1-48h-3L-3.4M-1,KL Loss,84,0.089284
Pure CE,exp-tsc-8k-purece-t1-48h-3L-3.4M-1,KL Loss,85,0.092733
Pure CE,exp-tsc-8k-purece-t1-48h-3L-3.4M-1,KL Loss,86,0.096255
Pure CE,exp-tsc-8k-purece-t1-48h-3L-3.4M-1,KL Loss,87,0.098088
Pure CE,exp-tsc-8k-purece-t1-48h-3L-3.4M-1,KL Loss,88,0.090855
Pure CE,exp-tsc-8k-purece-t1-48h-3L-3.4M-1,KL Loss,89,0.090922
Pure CE,exp-tsc-8k-purece-t1-48h-3L-3.4M-1,KL Loss,90,0.09994
Pure CE,exp-tsc-8k-purece-t1-48h-3L-3.4M-1,KL Loss,91,0.0902
Pure CE,exp-tsc-8k-purece-t1-48h-3L-3.4M-1,KL Loss,92,0.108814
Pure CE,exp-tsc-8k-purece-t1-48h-3L-3.4M-1,KL Loss,93,0.099436
Pure CE,exp-tsc-8k-purece-t1-48h-3L-3.4M-1,KL Loss,94,0.097699
Pure CE,exp-tsc-8k-purece-t1-48h-3L-3.4M-1,KL Loss,95,0.110847
Pure CE,exp-tsc-8k-purece-t1-48h-3L-3.4M-1,KL Loss,96,0.079347
Pure CE,exp-tsc-8k-purece-t1-48h-3L-3.4M-1,KL Loss,97,0.133222
Pure CE,exp-tsc-8k-purece-t1-48h-3L-3.4M-1,KL Loss,98,0.108979
Pure CE,exp-tsc-8k-purece-t1-48h-3L-3.4M-1,KL Loss,99,0.108604
Pure CE,exp-tsc-8k-purece-t1-48h-3L-3.4M-1,KL Loss,100,0.108041
Pure CE,exp-tsc-8k-purece-t1-48h-3L-3.4M-1,KL Loss,101,0.098273
Pure CE,exp-tsc-8k-purece-t1-48h-3L-3.4M-1,KL Loss,102,0.112996
Pure CE,exp-tsc-8k-purece-t1-48h-3L-3.4M-1,KL Loss,103,0.097379
Pure CE,exp-tsc-8k-purece-t1-48h-3L-3.4M-1,KL Loss,104,0.087104
Pure CE,exp-tsc-8k-purece-t1-48h-3L-3.4M-1,KL Loss,105,0.088052
Pure CE,exp-tsc-8k-purece-t1-48h-3L-3.4M-1,KL Loss,106,0.097178
Pure CE,exp-tsc-8k-purece-t1-48h-3L-3.4M-1,KL Loss,107,0.08704
Pure CE,exp-tsc-8k-purece-t1-48h-3L-3.4M-1,KL Loss,108,0.096145
Pure CE,exp-tsc-8k-purece-t1-48h-3L-3.4M-1,KL Loss,109,0.091946
Pure CE,exp-tsc-8k-purece-t1-48h-3L-3.4M-1,KL Loss,110,0.092909
Pure CE,exp-tsc-8k-purece-t1-48h-3L-3.4M-1,KL Loss,111,0.094805
Pure CE,exp-tsc-8k-purece-t1-48h-3L-3.4M-1,KL Loss,112,0.085493
Pure CE,exp-tsc-8k-purece-t1-48h-3L-3.4M-1,KL Loss,113,0.07299
Pure CE,exp-tsc-8k-purece-t1-48h-3L-3.4M-1,KL Loss,114,0.076738
Pure CE,exp-tsc-8k-purece-t1-48h-3L-3.4M-1,KL Loss,115,0.08065
Pure CE,exp-tsc-8k-purece-t1-48h-3L-3.4M-1,KL Loss,116,0.087763
Pure CE,exp-tsc-8k-purece-t1-48h-3L-3.4M-1,KL Loss,117,0.088309
Pure CE,exp-tsc-8k-purece-t1-48h-3L-3.4M-1,KL Loss,118,0.080011
Pure CE,exp-tsc-8k-purece-t1-48h-3L-3.4M-1,KL Loss,119,0.092537
Pure CE,exp-tsc-8k-purece-t1-48h-3L-3.4M-1,KL Loss,120,0.06908
Pure CE,exp-tsc-8k-purece-t1-48h-3L-3.4M-1,KL Loss,121,0.078962
Pure CE,exp-tsc-8k-purece-t1-48h-3L-3.4M-1,KL Loss,122,0.089024
Pure CE,exp-tsc-8k-purece-t1-48h-3L-3.4M-1,KL Loss,123,0.088805
Pure CE,exp-tsc-8k-purece-t1-48h-3L-3.4M-1,KL Loss,124,0.079471
Pure CE,exp-tsc-8k-purece-t1-48h-3L-3.4M-1,KL Loss,125,0.079279
Pure CE,exp-tsc-8k-purece-t1-48h-3L-3.4M-1,KL Loss,126,0.077034
Pure CE,exp-tsc-8k-purece-t1-48h-3L-3.4M-1,KL Loss,127,0.088002
Pure CE,exp-tsc-8k-purece-t1-48h-3L-3.4M-1,KL Loss,128,0.078797
Pure CE,exp-tsc-8k-purece-t1-48h-3L-3.4M-1,KL Loss,129,0.078102
Pure CE,exp-tsc-8k-purece-t1-48h-3L-3.4M-1,KL Loss,130,0.075748
Pure CE,exp-tsc-8k-purece-t1-48h-3L-3.4M-1,KL Loss,131,0.086416
Pure CE,exp-tsc-8k-purece-t1-48h-3L-3.4M-1,KL Loss,132,0.080389
Pure CE,exp-tsc-8k-purece-t1-48h-3L-3.4M-1,KL Loss,133,0.0928
Pure CE,exp-tsc-8k-purece-t1-48h-3L-3.4M-1,KL Loss,134,0.087444
Pure CE,exp-tsc-8k-purece-t1-48h-3L-3.4M-1,KL Loss,135,0.096849
Pure CE,exp-tsc-8k-purece-t1-48h-3L-3.4M-1,KL Loss,136,0.090115
Pure CE,exp-tsc-8k-purece-t1-48h-3L-3.4M-1,KL Loss,137,0.071355
Pure CE,exp-tsc-8k-purece-t1-48h-3L-3.4M-1,KL Loss,138,0.073989
Pure CE,exp-tsc-8k-purece-t1-48h-3L-3.4M-1,KL Loss,139,0.083221
Pure CE,exp-tsc-8k-purece-t1-48h-3L-3.4M-1,KL Loss,140,0.086872
Pure CE,exp-tsc-8k-purece-t1-48h-3L-3.4M-1,KL Loss,141,0.074173
Pure CE,exp-tsc-8k-purece-t1-48h-3L-3.4M-1,KL Loss,142,0.07978
Pure CE,exp-tsc-8k-purece-t1-48h-3L-3.4M-1,KL Loss,143,0.076052
Pure CE,exp-tsc-8k-purece-t1-48h-3L-3.4M-1,KL Loss,144,0.084188
Pure CE,exp-tsc-8k-purece-t1-48h-3L-3.4M-1,KL Loss,145,0.078466
Pure CE,exp-tsc-8k-purece-t1-48h-3L-3.4M-1,KL Loss,146,0.073515
Pure CE,exp-tsc-8k-purece-t1-48h-3L-3.4M-1,KL Loss,147,0.077055
Pure CE,exp-tsc-8k-purece-t1-48h-3L-3.4M-1,KL Loss,148,0.092965
Pure CE,exp-tsc-8k-purece-t1-48h-3L-3.4M-1,KL Loss,149,0.075686
Pure CE,exp-tsc-8k-purece-t1-48h-3L-3.4M-1,KL Loss,150,0.060255
Pure CE,exp-tsc-8k-purece-t1-48h-3L-3.4M-1,KL Loss,151,0.082558
Pure CE,exp-tsc-8k-purece-t1-48h-3L-3.4M-1,KL Loss,152,0.081733
Pure CE,exp-tsc-8k-purece-t1-48h-3L-3.4M-1,KL Loss,153,0.074204
Pure CE,exp-tsc-8k-purece-t1-48h-3L-3.4M-1,KL Loss,154,0.081587
Pure CE,exp-tsc-8k-purece-t1-48h-3L-3.4M-1,KL Loss,155,0.063932
Pure CE,exp-tsc-8k-purece-t1-48h-3L-3.4M-1,KL Loss,156,0.071157
Pure CE,exp-tsc-8k-purece-t1-48h-3L-3.4M-1,KL Loss,157,0.071846
Pure CE,exp-tsc-8k-purece-t1-48h-3L-3.4M-1,KL Loss,158,0.059118
Pure CE,exp-tsc-8k-purece-t1-48h-3L-3.4M-1,KL Loss,159,0.081576
Pure CE,exp-tsc-8k-purece-t1-48h-3L-3.4M-1,KL Loss,160,0.062705
Pure CE,exp-tsc-8k-purece-t1-48h-3L-3.4M-1,KL Loss,161,0.064503
Pure CE,exp-tsc-8k-purece-t1-48h-3L-3.4M-1,KL Loss,162,0.077528
Pure CE,exp-tsc-8k-purece-t1-48h-3L-3.4M-1,KL Loss,163,0.077642
Pure CE,exp-tsc-8k-purece-t1-48h-3L-3.4M-1,KL Loss,164,0.087826
Pure CE,exp-tsc-8k-purece-t1-48h-3L-3.4M-1,KL Loss,165,0.056164
Pure CE,exp-tsc-8k-purece-t1-48h-3L-3.4M-1,KL Loss,166,0.076254
Pure CE,exp-tsc-8k-purece-t1-48h-3L-3.4M-1,KL Loss,167,0.068935
Pure CE,exp-tsc-8k-purece-t1-48h-3L-3.4M-1,KL Loss,168,0.079774
Pure CE,exp-tsc-8k-purece-t1-48h-3L-3.4M-1,KL Loss,169,0.083268
Pure CE,exp-tsc-8k-purece-t1-48h-3L-3.4M-1,KL Loss,170,0.08835
Pure CE,exp-tsc-8k-purece-t1-48h-3L-3.4M-1,KL Loss,171,0.078543
Pure CE,exp-tsc-8k-purece-t1-48h-3L-3.4M-1,KL Loss,172,0.053677
Pure CE,exp-tsc-8k-purece-t1-48h-3L-3.4M-1,KL Loss,173,0.06134
Pure CE,exp-tsc-8k-purece-t1-48h-3L-3.4M-1,KL Loss,174,0.067709
Pure CE,exp-tsc-8k-purece-t1-48h-3L-3.4M-1,KL Loss,175,0.068448
Pure CE,exp-tsc-8k-purece-t1-48h-3L-3.4M-1,KL Loss,176,0.095122
Pure CE,exp-tsc-8k-purece-t1-48h-3L-3.4M-1,KL Loss,177,0.068081
Pure CE,exp-tsc-8k-purece-t1-48h-3L-3.4M-1,KL Loss,178,0.065392
Pure CE,exp-tsc-8k-purece-t1-48h-3L-3.4M-1,KL Loss,179,0.069308
Pure CE,exp-tsc-8k-purece-t1-48h-3L-3.4M-1,KL Loss,180,0.059846
Pure CE,exp-tsc-8k-purece-t1-48h-3L-3.4M-1,KL Loss,181,0.068837
Pure CE,exp-tsc-8k-purece-t1-48h-3L-3.4M-1,KL Loss,182,0.068081
Pure CE,exp-tsc-8k-purece-t1-48h-3L-3.4M-1,KL Loss,183,0.066681
Pure CE,exp-tsc-8k-purece-t1-48h-3L-3.4M-1,KL Loss,184,0.074798
Pure CE,exp-tsc-8k-purece-t1-48h-3L-3.4M-1,KL Loss,185,0.073127
Pure CE,exp-tsc-8k-purece-t1-48h-3L-3.4M-1,KL Loss,186,0.068078
Pure CE,exp-tsc-8k-purece-t1-48h-3L-3.4M-1,KL Loss,187,0.075661
Pure CE,exp-tsc-8k-purece-t1-48h-3L-3.4M-1,KL Loss,188,0.06319
Pure CE,exp-tsc-8k-purece-t1-48h-3L-3.4M-1,KL Loss,189,0.06845
Pure CE,exp-tsc-8k-purece-t1-48h-3L-3.4M-1,KL Loss,190,0.060708
Pure CE,exp-tsc-8k-purece-t1-48h-3L-3.4M-1,KL Loss,191,0.071207
Pure CE,exp-tsc-8k-purece-t1-48h-3L-3.4M-1,KL Loss,192,0.070864
Pure CE,exp-tsc-8k-purece-t1-48h-3L-3.4M-1,KL Loss,193,0.071151
Pure CE,exp-tsc-8k-purece-t1-48h-3L-3.4M-1,KL Loss,194,0.070478
Pure CE,exp-tsc-8k-purece-t1-48h-3L-3.4M-1,KL Loss,195,0.072128
Pure CE,exp-tsc-8k-purece-t1-48h-3L-3.4M-1,KL Loss,196,0.070853
Pure CE,exp-tsc-8k-purece-t1-48h-3L-3.4M-1,KL Loss,197,0.071089
Pure CE,exp-tsc-8k-purece-t1-48h-3L-3.4M-1,KL Loss,198,0.06404
Pure CE,exp-tsc-8k-purece-t1-48h-3L-3.4M-1,KL Loss,199,0.075797
Pure CE,exp-tsc-8k-purece-t1-48h-3L-3.4M-1,KL Loss,200,0.060152
Pure CE,exp-tsc-8k-purece-t1-48h-3L-3.4M-1,KL Loss,201,0.071234
Pure CE,exp-tsc-8k-purece-t1-48h-3L-3.4M-1,KL Loss,202,0.060431
Pure CE,exp-tsc-8k-purece-t1-48h-3L-3.4M-1,KL Loss,203,0.062193
Pure CE,exp-tsc-8k-purece-t1-48h-3L-3.4M-1,KL Loss,204,0.065288
Pure CE,exp-tsc-8k-purece-t1-48h-3L-3.4M-1,KL Loss,205,0.065875
Pure CE,exp-tsc-8k-purece-t1-48h-3L-3.4M-1,KL Loss,206,0.05368
Pure CE,exp-tsc-8k-purece-t1-48h-3L-3.4M-1,KL Loss,207,0.068726
Pure CE,exp-tsc-8k-purece-t1-48h-3L-3.4M-1,KL Loss,208,0.070839
Pure CE,exp-tsc-8k-purece-t1-48h-3L-3.4M-1,KL Loss,209,0.072412
Pure CE,exp-tsc-8k-purece-t1-48h-3L-3.4M-1,KL Loss,210,0.072259
Pure CE,exp-tsc-8k-purece-t1-48h-3L-3.4M-1,KL Loss,211,0.060687
Pure CE,exp-tsc-8k-purece-t1-48h-3L-3.4M-1,KL Loss,212,0.067037
Pure CE,exp-tsc-8k-purece-t1-48h-3L-3.4M-1,KL Loss,213,0.058261
Pure CE,exp-tsc-8k-purece-t1-48h-3L-3.4M-1,KL Loss,214,0.076221
Pure CE,exp-tsc-8k-purece-t1-48h-3L-3.4M-1,KL Loss,215,0.059493
Pure CE,exp-tsc-8k-purece-t1-48h-3L-3.4M-1,KL Loss,216,0.070258
Pure CE,exp-tsc-8k-purece-t1-48h-3L-3.4M-1,KL Loss,217,0.061058
Pure CE,exp-tsc-8k-purece-t1-48h-3L-3.4M-1,KL Loss,218,0.067738
Pure CE,exp-tsc-8k-purece-t1-48h-3L-3.4M-1,KL Loss,219,0.071479
Pure CE,exp-tsc-8k-purece-t1-48h-3L-3.4M-1,KL Loss,220,0.07255
Pure CE,exp-tsc-8k-purece-t1-48h-3L-3.4M-1,KL Loss,221,0.074277
Pure CE,exp-tsc-8k-purece-t1-48h-3L-3.4M-1,KL Loss,222,0.074056
Pure CE,exp-tsc-8k-purece-t1-48h-3L-3.4M-1,KL Loss,223,0.062459
Pure CE,exp-tsc-8k-purece-t1-48h-3L-3.4M-1,KL Loss,224,0.079969
Pure CE,exp-tsc-8k-purece-t1-48h-3L-3.4M-1,KL Loss,225,0.065413
Pure CE,exp-tsc-8k-purece-t1-48h-3L-3.4M-1,KL Loss,226,0.073504
Pure CE,exp-tsc-8k-purece-t1-48h-3L-3.4M-1,KL Loss,227,0.063403
Pure CE,exp-tsc-8k-purece-t1-48h-3L-3.4M-1,KL Loss,228,0.069848
Pure CE,exp-tsc-8k-purece-t1-48h-3L-3.4M-1,KL Loss,229,0.066309
Pure CE,exp-tsc-8k-purece-t1-48h-3L-3.4M-1,KL Loss,230,0.066306
Pure CE,exp-tsc-8k-purece-t1-48h-3L-3.4M-1,KL Loss,231,0.062697
Pure CE,exp-tsc-8k-purece-t1-48h-3L-3.4M-1,KL Loss,232,0.071129
Pure CE,exp-tsc-8k-purece-t1-48h-3L-3.4M-1,KL Loss,233,0.067259
Pure CE,exp-tsc-8k-purece-t1-48h-3L-3.4M-1,KL Loss,234,0.065304
Pure CE,exp-tsc-8k-purece-t1-48h-3L-3.4M-1,KL Loss,235,0.066397
Pure CE,exp-tsc-8k-purece-t1-48h-3L-3.4M-1,KL Loss,236,0.068417
Pure CE,exp-tsc-8k-purece-t1-48h-3L-3.4M-1,KL Loss,237,0.072123
Pure CE,exp-tsc-8k-purece-t1-48h-3L-3.4M-1,KL Loss,238,0.064326
Pure CE,exp-tsc-8k-purece-t1-48h-3L-3.4M-1,KL Loss,239,0.07538
Pure CE,exp-tsc-8k-purece-t1-48h-3L-3.4M-1,KL Loss,240,0.06289
Pure CE,exp-tsc-8k-purece-t1-48h-3L-3.4M-1,KL Loss,241,0.067336
Pure CE,exp-tsc-8k-purece-t1-48h-3L-3.4M-1,KL Loss,242,0.073448
Pure CE,exp-tsc-8k-purece-t1-48h-3L-3.4M-1,KL Loss,243,0.056541
Pure CE,exp-tsc-8k-purece-t1-48h-3L-3.4M-1,KL Loss,244,0.066048
Pure CE,exp-tsc-8k-purece-t1-48h-3L-3.4M-1,KL Loss,245,0.070706
Pure CE,exp-tsc-8k-purece-t1-48h-3L-3.4M-1,KL Loss,246,0.06153
Pure CE,exp-tsc-8k-purece-t1-48h-3L-3.4M-1,KL Loss,247,0.062627
Pure CE,exp-tsc-8k-purece-t1-48h-3L-3.4M-1,KL Loss,248,0.065628
Pure CE,exp-tsc-8k-purece-t1-48h-3L-3.4M-1,KL Loss,249,0.06303
Pure CE,exp-tsc-8k-purece-t1-48h-3L-3.4M-1,CE Loss,1,4.532896
Pure CE,exp-tsc-8k-purece-t1-48h-3L-3.4M-1,CE Loss,2,2.91608
Pure CE,exp-tsc-8k-purece-t1-48h-3L-3.4M-1,CE Loss,3,2.708682
Pure CE,exp-tsc-8k-purece-t1-48h-3L-3.4M-1,CE Loss,4,2.46465
Pure CE,exp-tsc-8k-purece-t1-48h-3L-3.4M-1,CE Loss,5,2.12409
Pure CE,exp-tsc-8k-purece-t1-48h-3L-3.4M-1,CE Loss,6,1.762054
Pure CE,exp-tsc-8k-purece-t1-48h-3L-3.4M-1,CE Loss,7,1.447085
Pure CE,exp-tsc-8k-purece-t1-48h-3L-3.4M-1,CE Loss,8,1.110093
Pure CE,exp-tsc-8k-purece-t1-48h-3L-3.4M-1,CE Loss,9,0.863505
Pure CE,exp-tsc-8k-purece-t1-48h-3L-3.4M-1,CE Loss,10,0.677696
Pure CE,exp-tsc-8k-purece-t1-48h-3L-3.4M-1,CE Loss,11,0.499283
Pure CE,exp-tsc-8k-purece-t1-48h-3L-3.4M-1,CE Loss,12,0.38362
Pure CE,exp-tsc-8k-purece-t1-48h-3L-3.4M-1,CE Loss,13,0.307698
Pure CE,exp-tsc-8k-purece-t1-48h-3L-3.4M-1,CE Loss,14,0.261349
Pure CE,exp-tsc-8k-purece-t1-48h-3L-3.4M-1,CE Loss,15,0.212725
Pure CE,exp-tsc-8k-purece-t1-48h-3L-3.4M-1,CE Loss,16,0.160538
Pure CE,exp-tsc-8k-purece-t1-48h-3L-3.4M-1,CE Loss,17,0.187186
Pure CE,exp-tsc-8k-purece-t1-48h-3L-3.4M-1,CE Loss,18,0.159175
Pure CE,exp-tsc-8k-purece-t1-48h-3L-3.4M-1,CE Loss,19,0.192306
Pure CE,exp-tsc-8k-purece-t1-48h-3L-3.4M-1,CE Loss,20,0.180866
Pure CE,exp-tsc-8k-purece-t1-48h-3L-3.4M-1,CE Loss,21,0.176415
Pure CE,exp-tsc-8k-purece-t1-48h-3L-3.4M-1,CE Loss,22,0.125564
Pure CE,exp-tsc-8k-purece-t1-48h-3L-3.4M-1,CE Loss,23,0.106248
Pure CE,exp-tsc-8k-purece-t1-48h-3L-3.4M-1,CE Loss,24,0.101708
Pure CE,exp-tsc-8k-purece-t1-48h-3L-3.4M-1,CE Loss,25,0.154958
Pure CE,exp-tsc-8k-purece-t1-48h-3L-3.4M-1,CE Loss,26,0.148482
Pure CE,exp-tsc-8k-purece-t1-48h-3L-3.4M-1,CE Loss,27,0.111834
Pure CE,exp-tsc-8k-purece-t1-48h-3L-3.4M-1,CE Loss,28,0.113453
Pure CE,exp-tsc-8k-purece-t1-48h-3L-3.4M-1,CE Loss,29,0.105527
Pure CE,exp-tsc-8k-purece-t1-48h-3L-3.4M-1,CE Loss,30,0.109161
Pure CE,exp-tsc-8k-purece-t1-48h-3L-3.4M-1,CE Loss,31,0.093033
Pure CE,exp-tsc-8k-purece-t1-48h-3L-3.4M-1,CE Loss,32,0.094188
Pure CE,exp-tsc-8k-purece-t1-48h-3L-3.4M-1,CE Loss,33,0.114435
Pure CE,exp-tsc-8k-purece-t1-48h-3L-3.4M-1,CE Loss,34,0.119573
Pure CE,exp-tsc-8k-purece-t1-48h-3L-3.4M-1,CE Loss,35,0.0995
Pure CE,exp-tsc-8k-purece-t1-48h-3L-3.4M-1,CE Loss,36,0.100426
Pure CE,exp-tsc-8k-purece-t1-48h-3L-3.4M-1,CE Loss,37,0.106775
Pure CE,exp-tsc-8k-purece-t1-48h-3L-3.4M-1,CE Loss,38,0.091231
Pure CE,exp-tsc-8k-purece-t1-48h-3L-3.4M-1,CE Loss,39,0.087471
Pure CE,exp-tsc-8k-purece-t1-48h-3L-3.4M-1,CE Loss,40,0.102658
Pure CE,exp-tsc-8k-purece-t1-48h-3L-3.4M-1,CE Loss,41,0.088142
Pure CE,exp-tsc-8k-purece-t1-48h-3L-3.4M-1,CE Loss,42,0.105921
Pure CE,exp-tsc-8k-purece-t1-48h-3L-3.4M-1,CE Loss,43,0.109353
Pure CE,exp-tsc-8k-purece-t1-48h-3L-3.4M-1,CE Loss,44,0.117612
Pure CE,exp-tsc-8k-purece-t1-48h-3L-3.4M-1,CE Loss,45,0.130454
Pure CE,exp-tsc-8k-purece-t1-48h-3L-3.4M-1,CE Loss,46,0.083672
Pure CE,exp-tsc-8k-purece-t1-48h-3L-3.4M-1,CE Loss,47,0.114538
Pure CE,exp-tsc-8k-purece-t1-48h-3L-3.4M-1,CE Loss,48,0.107049
Pure CE,exp-tsc-8k-purece-t1-48h-3L-3.4M-1,CE Loss,49,0.116
Pure CE,exp-tsc-8k-purece-t1-48h-3L-3.4M-1,CE Loss,50,0.095566
Pure CE,exp-tsc-8k-purece-t1-48h-3L-3.4M-1,CE Loss,51,0.083246
Pure CE,exp-tsc-8k-purece-t1-48h-3L-3.4M-1,CE Loss,52,0.084138
Pure CE,exp-tsc-8k-purece-t1-48h-3L-3.4M-1,CE Loss,53,0.092992
Pure CE,exp-tsc-8k-purece-t1-48h-3L-3.4M-1,CE Loss,54,0.08487
Pure CE,exp-tsc-8k-purece-t1-48h-3L-3.4M-1,CE Loss,55,0.098536
Pure CE,exp-tsc-8k-purece-t1-48h-3L-3.4M-1,CE Loss,56,0.089876
Pure CE,exp-tsc-8k-purece-t1-48h-3L-3.4M-1,CE Loss,57,0.091357
Pure CE,exp-tsc-8k-purece-t1-48h-3L-3.4M-1,CE Loss,58,0.082554
Pure CE,exp-tsc-8k-purece-t1-48h-3L-3.4M-1,CE Loss,59,0.067308
Pure CE,exp-tsc-8k-purece-t1-48h-3L-3.4M-1,CE Loss,60,0.091343
Pure CE,exp-tsc-8k-purece-t1-48h-3L-3.4M-1,CE Loss,61,0.091999
Pure CE,exp-tsc-8k-purece-t1-48h-3L-3.4M-1,CE Loss,62,0.088796
Pure CE,exp-tsc-8k-purece-t1-48h-3L-3.4M-1,CE Loss,63,0.092402
Pure CE,exp-tsc-8k-purece-t1-48h-3L-3.4M-1,CE Loss,64,0.084286
Pure CE,exp-tsc-8k-purece-t1-48h-3L-3.4M-1,CE Loss,65,0.089943
Pure CE,exp-tsc-8k-purece-t1-48h-3L-3.4M-1,CE Loss,66,0.089513
Pure CE,exp-tsc-8k-purece-t1-48h-3L-3.4M-1,CE Loss,67,0.08389
Pure CE,exp-tsc-8k-purece-t1-48h-3L-3.4M-1,CE Loss,68,0.086987
Pure CE,exp-tsc-8k-purece-t1-48h-3L-3.4M-1,CE Loss,69,0.083106
Pure CE,exp-tsc-8k-purece-t1-48h-3L-3.4M-1,CE Loss,70,0.080639
Pure CE,exp-tsc-8k-purece-t1-48h-3L-3.4M-1,CE Loss,71,0.082125
Pure CE,exp-tsc-8k-purece-t1-48h-3L-3.4M-1,CE Loss,72,0.097848
Pure CE,exp-tsc-8k-purece-t1-48h-3L-3.4M-1,CE Loss,73,0.091302
Pure CE,exp-tsc-8k-purece-t1-48h-3L-3.4M-1,CE Loss,74,0.089334
Pure CE,exp-tsc-8k-purece-t1-48h-3L-3.4M-1,CE Loss,75,0.102462
Pure CE,exp-tsc-8k-purece-t1-48h-3L-3.4M-1,CE Loss,76,0.075593
Pure CE,exp-tsc-8k-purece-t1-48h-3L-3.4M-1,CE Loss,77,0.077947
Pure CE,exp-tsc-8k-purece-t1-48h-3L-3.4M-1,CE Loss,78,0.103818
Pure CE,exp-tsc-8k-purece-t1-48h-3L-3.4M-1,CE Loss,79,0.094173
Pure CE,exp-tsc-8k-purece-t1-48h-3L-3.4M-1,CE Loss,80,0.083229
Pure CE,exp-tsc-8k-purece-t1-48h-3L-3.4M-1,CE Loss,81,0.080567
Pure CE,exp-tsc-8k-purece-t1-48h-3L-3.4M-1,CE Loss,82,0.084014
Pure CE,exp-tsc-8k-purece-t1-48h-3L-3.4M-1,CE Loss,83,0.095524
Pure CE,exp-tsc-8k-purece-t1-48h-3L-3.4M-1,CE Loss,84,0.076341
Pure CE,exp-tsc-8k-purece-t1-48h-3L-3.4M-1,CE Loss,85,0.083699
Pure CE,exp-tsc-8k-purece-t1-48h-3L-3.4M-1,CE Loss,86,0.0782
Pure CE,exp-tsc-8k-purece-t1-48h-3L-3.4M-1,CE Loss,87,0.087044
Pure CE,exp-tsc-8k-purece-t1-48h-3L-3.4M-1,CE Loss,88,0.080028
Pure CE,exp-tsc-8k-purece-t1-48h-3L-3.4M-1,CE Loss,89,0.084105
Pure CE,exp-tsc-8k-purece-t1-48h-3L-3.4M-1,CE Loss,90,0.089534
Pure CE,exp-tsc-8k-purece-t1-48h-3L-3.4M-1,CE Loss,91,0.075533
Pure CE,exp-tsc-8k-purece-t1-48h-3L-3.4M-1,CE Loss,92,0.085064
Pure CE,exp-tsc-8k-purece-t1-48h-3L-3.4M-1,CE Loss,93,0.075978
Pure CE,exp-tsc-8k-purece-t1-48h-3L-3.4M-1,CE Loss,94,0.075262
Pure CE,exp-tsc-8k-purece-t1-48h-3L-3.4M-1,CE Loss,95,0.104412
Pure CE,exp-tsc-8k-purece-t1-48h-3L-3.4M-1,CE Loss,96,0.066826
Pure CE,exp-tsc-8k-purece-t1-48h-3L-3.4M-1,CE Loss,97,0.119564
Pure CE,exp-tsc-8k-purece-t1-48h-3L-3.4M-1,CE Loss,98,0.094025
Pure CE,exp-tsc-8k-purece-t1-48h-3L-3.4M-1,CE Loss,99,0.100819
Pure CE,exp-tsc-8k-purece-t1-48h-3L-3.4M-1,CE Loss,100,0.094946
Pure CE,exp-tsc-8k-purece-t1-48h-3L-3.4M-1,CE Loss,101,0.08087
Pure CE,exp-tsc-8k-purece-t1-48h-3L-3.4M-1,CE Loss,102,0.099488
Pure CE,exp-tsc-8k-purece-t1-48h-3L-3.4M-1,CE Loss,103,0.075824
Pure CE,exp-tsc-8k-purece-t1-48h-3L-3.4M-1,CE Loss,104,0.071022
Pure CE,exp-tsc-8k-purece-t1-48h-3L-3.4M-1,CE Loss,105,0.064598
Pure CE,exp-tsc-8k-purece-t1-48h-3L-3.4M-1,CE Loss,106,0.067389
Pure CE,exp-tsc-8k-purece-t1-48h-3L-3.4M-1,CE Loss,107,0.063793
Pure CE,exp-tsc-8k-purece-t1-48h-3L-3.4M-1,CE Loss,108,0.069048
Pure CE,exp-tsc-8k-purece-t1-48h-3L-3.4M-1,CE Loss,109,0.078893
Pure CE,exp-tsc-8k-purece-t1-48h-3L-3.4M-1,CE Loss,110,0.081535
Pure CE,exp-tsc-8k-purece-t1-48h-3L-3.4M-1,CE Loss,111,0.083568
Pure CE,exp-tsc-8k-purece-t1-48h-3L-3.4M-1,CE Loss,112,0.075587
Pure CE,exp-tsc-8k-purece-t1-48h-3L-3.4M-1,CE Loss,113,0.060043
Pure CE,exp-tsc-8k-purece-t1-48h-3L-3.4M-1,CE Loss,114,0.064179
Pure CE,exp-tsc-8k-purece-t1-48h-3L-3.4M-1,CE Loss,115,0.060875
Pure CE,exp-tsc-8k-purece-t1-48h-3L-3.4M-1,CE Loss,116,0.068839
Pure CE,exp-tsc-8k-purece-t1-48h-3L-3.4M-1,CE Loss,117,0.069423
Pure CE,exp-tsc-8k-purece-t1-48h-3L-3.4M-1,CE Loss,118,0.065715
Pure CE,exp-tsc-8k-purece-t1-48h-3L-3.4M-1,CE Loss,119,0.070634
Pure CE,exp-tsc-8k-purece-t1-48h-3L-3.4M-1,CE Loss,120,0.050932
Pure CE,exp-tsc-8k-purece-t1-48h-3L-3.4M-1,CE Loss,121,0.062272
Pure CE,exp-tsc-8k-purece-t1-48h-3L-3.4M-1,CE Loss,122,0.07193
Pure CE,exp-tsc-8k-purece-t1-48h-3L-3.4M-1,CE Loss,123,0.07004
Pure CE,exp-tsc-8k-purece-t1-48h-3L-3.4M-1,CE Loss,124,0.063131
Pure CE,exp-tsc-8k-purece-t1-48h-3L-3.4M-1,CE Loss,125,0.06646
Pure CE,exp-tsc-8k-purece-t1-48h-3L-3.4M-1,CE Loss,126,0.061793
Pure CE,exp-tsc-8k-purece-t1-48h-3L-3.4M-1,CE Loss,127,0.06939
Pure CE,exp-tsc-8k-purece-t1-48h-3L-3.4M-1,CE Loss,128,0.061498
Pure CE,exp-tsc-8k-purece-t1-48h-3L-3.4M-1,CE Loss,129,0.059289
Pure CE,exp-tsc-8k-purece-t1-48h-3L-3.4M-1,CE Loss,130,0.057706
Pure CE,exp-tsc-8k-purece-t1-48h-3L-3.4M-1,CE Loss,131,0.073955
Pure CE,exp-tsc-8k-purece-t1-48h-3L-3.4M-1,CE Loss,132,0.06573
Pure CE,exp-tsc-8k-purece-t1-48h-3L-3.4M-1,CE Loss,133,0.075689
Pure CE,exp-tsc-8k-purece-t1-48h-3L-3.4M-1,CE Loss,134,0.065547
Pure CE,exp-tsc-8k-purece-t1-48h-3L-3.4M-1,CE Loss,135,0.077797
Pure CE,exp-tsc-8k-purece-t1-48h-3L-3.4M-1,CE Loss,136,0.082249
Pure CE,exp-tsc-8k-purece-t1-48h-3L-3.4M-1,CE Loss,137,0.060486
Pure CE,exp-tsc-8k-purece-t1-48h-3L-3.4M-1,CE Loss,138,0.057659
Pure CE,exp-tsc-8k-purece-t1-48h-3L-3.4M-1,CE Loss,139,0.065456
Pure CE,exp-tsc-8k-purece-t1-48h-3L-3.4M-1,CE Loss,140,0.065946
Pure CE,exp-tsc-8k-purece-t1-48h-3L-3.4M-1,CE Loss,141,0.055071
Pure CE,exp-tsc-8k-purece-t1-48h-3L-3.4M-1,CE Loss,142,0.059307
Pure CE,exp-tsc-8k-purece-t1-48h-3L-3.4M-1,CE Loss,143,0.057108
Pure CE,exp-tsc-8k-purece-t1-48h-3L-3.4M-1,CE Loss,144,0.063385
Pure CE,exp-tsc-8k-purece-t1-48h-3L-3.4M-1,CE Loss,145,0.061276
Pure CE,exp-tsc-8k-purece-t1-48h-3L-3.4M-1,CE Loss,146,0.051622
Pure CE,exp-tsc-8k-purece-t1-48h-3L-3.4M-1,CE Loss,147,0.057957
Pure CE,exp-tsc-8k-purece-t1-48h-3L-3.4M-1,CE Loss,148,0.078966
Pure CE,exp-tsc-8k-purece-t1-48h-3L-3.4M-1,CE Loss,149,0.066194
Pure CE,exp-tsc-8k-purece-t1-48h-3L-3.4M-1,CE Loss,150,0.045245
Pure CE,exp-tsc-8k-purece-t1-48h-3L-3.4M-1,CE Loss,151,0.063533
Pure CE,exp-tsc-8k-purece-t1-48h-3L-3.4M-1,CE Loss,152,0.058801
Pure CE,exp-tsc-8k-purece-t1-48h-3L-3.4M-1,CE Loss,153,0.058462
Pure CE,exp-tsc-8k-purece-t1-48h-3L-3.4M-1,CE Loss,154,0.071536
Pure CE,exp-tsc-8k-purece-t1-48h-3L-3.4M-1,CE Loss,155,0.048519
Pure CE,exp-tsc-8k-purece-t1-48h-3L-3.4M-1,CE Loss,156,0.065751
Pure CE,exp-tsc-8k-purece-t1-48h-3L-3.4M-1,CE Loss,157,0.055069
Pure CE,exp-tsc-8k-purece-t1-48h-3L-3.4M-1,CE Loss,158,0.040672
Pure CE,exp-tsc-8k-purece-t1-48h-3L-3.4M-1,CE Loss,159,0.068121
Pure CE,exp-tsc-8k-purece-t1-48h-3L-3.4M-1,CE Loss,160,0.042427
Pure CE,exp-tsc-8k-purece-t1-48h-3L-3.4M-1,CE Loss,161,0.042713
Pure CE,exp-tsc-8k-purece-t1-48h-3L-3.4M-1,CE Loss,162,0.057551
Pure CE,exp-tsc-8k-purece-t1-48h-3L-3.4M-1,CE Loss,163,0.060872
Pure CE,exp-tsc-8k-purece-t1-48h-3L-3.4M-1,CE Loss,164,0.073034
Pure CE,exp-tsc-8k-purece-t1-48h-3L-3.4M-1,CE Loss,165,0.0383
Pure CE,exp-tsc-8k-purece-t1-48h-3L-3.4M-1,CE Loss,166,0.064639
Pure CE,exp-tsc-8k-purece-t1-48h-3L-3.4M-1,CE Loss,167,0.050042
Pure CE,exp-tsc-8k-purece-t1-48h-3L-3.4M-1,CE Loss,168,0.059703
Pure CE,exp-tsc-8k-purece-t1-48h-3L-3.4M-1,CE Loss,169,0.060457
Pure CE,exp-tsc-8k-purece-t1-48h-3L-3.4M-1,CE Loss,170,0.074064
Pure CE,exp-tsc-8k-purece-t1-48h-3L-3.4M-1,CE Loss,171,0.070598
Pure CE,exp-tsc-8k-purece-t1-48h-3L-3.4M-1,CE Loss,172,0.045837
Pure CE,exp-tsc-8k-purece-t1-48h-3L-3.4M-1,CE Loss,173,0.049891
Pure CE,exp-tsc-8k-purece-t1-48h-3L-3.4M-1,CE Loss,174,0.053545
Pure CE,exp-tsc-8k-purece-t1-48h-3L-3.4M-1,CE Loss,175,0.052223
Pure CE,exp-tsc-8k-purece-t1-48h-3L-3.4M-1,CE Loss,176,0.081421
Pure CE,exp-tsc-8k-purece-t1-48h-3L-3.4M-1,CE Loss,177,0.057507
Pure CE,exp-tsc-8k-purece-t1-48h-3L-3.4M-1,CE Loss,178,0.05774
Pure CE,exp-tsc-8k-purece-t1-48h-3L-3.4M-1,CE Loss,179,0.059509
Pure CE,exp-tsc-8k-purece-t1-48h-3L-3.4M-1,CE Loss,180,0.045953
Pure CE,exp-tsc-8k-purece-t1-48h-3L-3.4M-1,CE Loss,181,0.05214
Pure CE,exp-tsc-8k-purece-t1-48h-3L-3.4M-1,CE Loss,182,0.057538
Pure CE,exp-tsc-8k-purece-t1-48h-3L-3.4M-1,CE Loss,183,0.056919
Pure CE,exp-tsc-8k-purece-t1-48h-3L-3.4M-1,CE Loss,184,0.064294
Pure CE,exp-tsc-8k-purece-t1-48h-3L-3.4M-1,CE Loss,185,0.060711
Pure CE,exp-tsc-8k-purece-t1-48h-3L-3.4M-1,CE Loss,186,0.068616
Pure CE,exp-tsc-8k-purece-t1-48h-3L-3.4M-1,CE Loss,187,0.065023
Pure CE,exp-tsc-8k-purece-t1-48h-3L-3.4M-1,CE Loss,188,0.052024
Pure CE,exp-tsc-8k-purece-t1-48h-3L-3.4M-1,CE Loss,189,0.053051
Pure CE,exp-tsc-8k-purece-t1-48h-3L-3.4M-1,CE Loss,190,0.046181
Pure CE,exp-tsc-8k-purece-t1-48h-3L-3.4M-1,CE Loss,191,0.055776
Pure CE,exp-tsc-8k-purece-t1-48h-3L-3.4M-1,CE Loss,192,0.058333
Pure CE,exp-tsc-8k-purece-t1-48h-3L-3.4M-1,CE Loss,193,0.055754
Pure CE,exp-tsc-8k-purece-t1-48h-3L-3.4M-1,CE Loss,194,0.05536
Pure CE,exp-tsc-8k-purece-t1-48h-3L-3.4M-1,CE Loss,195,0.051817
Pure CE,exp-tsc-8k-purece-t1-48h-3L-3.4M-1,CE Loss,196,0.056328
Pure CE,exp-tsc-8k-purece-t1-48h-3L-3.4M-1,CE Loss,197,0.055136
Pure CE,exp-tsc-8k-purece-t1-48h-3L-3.4M-1,CE Loss,198,0.048769
Pure CE,exp-tsc-8k-purece-t1-48h-3L-3.4M-1,CE Loss,199,0.062593
Pure CE,exp-tsc-8k-purece-t1-48h-3L-3.4M-1,CE Loss,200,0.046019
Pure CE,exp-tsc-8k-purece-t1-48h-3L-3.4M-1,CE Loss,201,0.059626
Pure CE,exp-tsc-8k-purece-t1-48h-3L-3.4M-1,CE Loss,202,0.045257
Pure CE,exp-tsc-8k-purece-t1-48h-3L-3.4M-1,CE Loss,203,0.052237
Pure CE,exp-tsc-8k-purece-t1-48h-3L-3.4M-1,CE Loss,204,0.054721
Pure CE,exp-tsc-8k-purece-t1-48h-3L-3.4M-1,CE Loss,205,0.053587
Pure CE,exp-tsc-8k-purece-t1-48h-3L-3.4M-1,CE Loss,206,0.039507
Pure CE,exp-tsc-8k-purece-t1-48h-3L-3.4M-1,CE Loss,207,0.061075
Pure CE,exp-tsc-8k-purece-t1-48h-3L-3.4M-1,CE Loss,208,0.058881
Pure CE,exp-tsc-8k-purece-t1-48h-3L-3.4M-1,CE Loss,209,0.055881
Pure CE,exp-tsc-8k-purece-t1-48h-3L-3.4M-1,CE Loss,210,0.058112
Pure CE,exp-tsc-8k-purece-t1-48h-3L-3.4M-1,CE Loss,211,0.041295
Pure CE,exp-tsc-8k-purece-t1-48h-3L-3.4M-1,CE Loss,212,0.053647
Pure CE,exp-tsc-8k-purece-t1-48h-3L-3.4M-1,CE Loss,213,0.047247
Pure CE,exp-tsc-8k-purece-t1-48h-3L-3.4M-1,CE Loss,214,0.062548
Pure CE,exp-tsc-8k-purece-t1-48h-3L-3.4M-1,CE Loss,215,0.047691
Pure CE,exp-tsc-8k-purece-t1-48h-3L-3.4M-1,CE Loss,216,0.062458
Pure CE,exp-tsc-8k-purece-t1-48h-3L-3.4M-1,CE Loss,217,0.050541
Pure CE,exp-tsc-8k-purece-t1-48h-3L-3.4M-1,CE Loss,218,0.054644
Pure CE,exp-tsc-8k-purece-t1-48h-3L-3.4M-1,CE Loss,219,0.052105
Pure CE,exp-tsc-8k-purece-t1-48h-3L-3.4M-1,CE Loss,220,0.058117
Pure CE,exp-tsc-8k-purece-t1-48h-3L-3.4M-1,CE Loss,221,0.061845
Pure CE,exp-tsc-8k-purece-t1-48h-3L-3.4M-1,CE Loss,222,0.065622
Pure CE,exp-tsc-8k-purece-t1-48h-3L-3.4M-1,CE Loss,223,0.049231
Pure CE,exp-tsc-8k-purece-t1-48h-3L-3.4M-1,CE Loss,224,0.06766
Pure CE,exp-tsc-8k-purece-t1-48h-3L-3.4M-1,CE Loss,225,0.053152
Pure CE,exp-tsc-8k-purece-t1-48h-3L-3.4M-1,CE Loss,226,0.057718
Pure CE,exp-tsc-8k-purece-t1-48h-3L-3.4M-1,CE Loss,227,0.047026
Pure CE,exp-tsc-8k-purece-t1-48h-3L-3.4M-1,CE Loss,228,0.04992
Pure CE,exp-tsc-8k-purece-t1-48h-3L-3.4M-1,CE Loss,229,0.05103
Pure CE,exp-tsc-8k-purece-t1-48h-3L-3.4M-1,CE Loss,230,0.051545
Pure CE,exp-tsc-8k-purece-t1-48h-3L-3.4M-1,CE Loss,231,0.049719
Pure CE,exp-tsc-8k-purece-t1-48h-3L-3.4M-1,CE Loss,232,0.059133
Pure CE,exp-tsc-8k-purece-t1-48h-3L-3.4M-1,CE Loss,233,0.055808
Pure CE,exp-tsc-8k-purece-t1-48h-3L-3.4M-1,CE Loss,234,0.051052
Pure CE,exp-tsc-8k-purece-t1-48h-3L-3.4M-1,CE Loss,235,0.051519
Pure CE,exp-tsc-8k-purece-t1-48h-3L-3.4M-1,CE Loss,236,0.05266
Pure CE,exp-tsc-8k-purece-t1-48h-3L-3.4M-1,CE Loss,237,0.063937
Pure CE,exp-tsc-8k-purece-t1-48h-3L-3.4M-1,CE Loss,238,0.04714
Pure CE,exp-tsc-8k-purece-t1-48h-3L-3.4M-1,CE Loss,239,0.062237
Pure CE,exp-tsc-8k-purece-t1-48h-3L-3.4M-1,CE Loss,240,0.047717
Pure CE,exp-tsc-8k-purece-t1-48h-3L-3.4M-1,CE Loss,241,0.049682
Pure CE,exp-tsc-8k-purece-t1-48h-3L-3.4M-1,CE Loss,242,0.060342
Pure CE,exp-tsc-8k-purece-t1-48h-3L-3.4M-1,CE Loss,243,0.04686
Pure CE,exp-tsc-8k-purece-t1-48h-3L-3.4M-1,CE Loss,244,0.054416
Pure CE,exp-tsc-8k-purece-t1-48h-3L-3.4M-1,CE Loss,245,0.059191
Pure CE,exp-tsc-8k-purece-t1-48h-3L-3.4M-1,CE Loss,246,0.046001
Pure CE,exp-tsc-8k-purece-t1-48h-3L-3.4M-1,CE Loss,247,0.052667
Pure CE,exp-tsc-8k-purece-t1-48h-3L-3.4M-1,CE Loss,248,0.052477
Pure CE,exp-tsc-8k-purece-t1-48h-3L-3.4M-1,CE Loss,249,0.046768
Pure CE,exp-tsc-8k-purece-t1-48h-3L-3.4M-1,Accuracy,1,65.3
Pure CE,exp-tsc-8k-purece-t1-48h-3L-3.4M-1,Accuracy,2,73.98
Pure CE,exp-tsc-8k-purece-t1-48h-3L-3.4M-1,Accuracy,3,76.24
Pure CE,exp-tsc-8k-purece-t1-48h-3L-3.4M-1,Accuracy,4,75.78
Pure CE,exp-tsc-8k-purece-t1-48h-3L-3.4M-1,Accuracy,5,77.96
Pure CE,exp-tsc-8k-purece-t1-48h-3L-3.4M-1,Accuracy,6,78.84
Pure CE,exp-tsc-8k-purece-t1-48h-3L-3.4M-1,Accuracy,7,78.63
Pure CE,exp-tsc-8k-purece-t1-48h-3L-3.4M-1,Accuracy,8,82.01
Pure CE,exp-tsc-8k-purece-t1-48h-3L-3.4M-1,Accuracy,9,83.50999999999999
Pure CE,exp-tsc-8k-purece-t1-48h-3L-3.4M-1,Accuracy,10,89.94
Pure CE,exp-tsc-8k-purece-t1-48h-3L-3.4M-1,Accuracy,11,93.0
Pure CE,exp-tsc-8k-purece-t1-48h-3L-3.4M-1,Accuracy,12,94.93
Pure CE,exp-tsc-8k-purece-t1-48h-3L-3.4M-1,Accuracy,13,93.89
Pure CE,exp-tsc-8k-purece-t1-48h-3L-3.4M-1,Accuracy,14,95.02000000000001
Pure CE,exp-tsc-8k-purece-t1-48h-3L-3.4M-1,Accuracy,15,94.85
Pure CE,exp-tsc-8k-purece-t1-48h-3L-3.4M-1,Accuracy,16,97.26
Pure CE,exp-tsc-8k-purece-t1-48h-3L-3.4M-1,Accuracy,17,94.28999999999999
Pure CE,exp-tsc-8k-purece-t1-48h-3L-3.4M-1,Accuracy,18,95.56
Pure CE,exp-tsc-8k-purece-t1-48h-3L-3.4M-1,Accuracy,19,94.38
Pure CE,exp-tsc-8k-purece-t1-48h-3L-3.4M-1,Accuracy,20,93.97
Pure CE,exp-tsc-8k-purece-t1-48h-3L-3.4M-1,Accuracy,21,94.61
Pure CE,exp-tsc-8k-purece-t1-48h-3L-3.4M-1,Accuracy,22,95.98
Pure CE,exp-tsc-8k-purece-t1-48h-3L-3.4M-1,Accuracy,23,96.3
Pure CE,exp-tsc-8k-purece-t1-48h-3L-3.4M-1,Accuracy,24,95.98
Pure CE,exp-tsc-8k-purece-t1-48h-3L-3.4M-1,Accuracy,25,95.17
Pure CE,exp-tsc-8k-purece-t1-48h-3L-3.4M-1,Accuracy,26,94.94
Pure CE,exp-tsc-8k-purece-t1-48h-3L-3.4M-1,Accuracy,27,96.22
Pure CE,exp-tsc-8k-purece-t1-48h-3L-3.4M-1,Accuracy,28,95.49
Pure CE,exp-tsc-8k-purece-t1-48h-3L-3.4M-1,Accuracy,29,96.94
Pure CE,exp-tsc-8k-purece-t1-48h-3L-3.4M-1,Accuracy,30,95.5
Pure CE,exp-tsc-8k-purece-t1-48h-3L-3.4M-1,Accuracy,31,96.54
Pure CE,exp-tsc-8k-purece-t1-48h-3L-3.4M-1,Accuracy,32,96.95
Pure CE,exp-tsc-8k-purece-t1-48h-3L-3.4M-1,Accuracy,33,96.54
Pure CE,exp-tsc-8k-purece-t1-48h-3L-3.4M-1,Accuracy,34,96.06
Pure CE,exp-tsc-8k-purece-t1-48h-3L-3.4M-1,Accuracy,35,95.82000000000001
Pure CE,exp-tsc-8k-purece-t1-48h-3L-3.4M-1,Accuracy,36,95.08
Pure CE,exp-tsc-8k-purece-t1-48h-3L-3.4M-1,Accuracy,37,95.33
Pure CE,exp-tsc-8k-purece-t1-48h-3L-3.4M-1,Accuracy,38,95.89999999999999
Pure CE,exp-tsc-8k-purece-t1-48h-3L-3.4M-1,Accuracy,39,96.06
Pure CE,exp-tsc-8k-purece-t1-48h-3L-3.4M-1,Accuracy,40,95.58
Pure CE,exp-tsc-8k-purece-t1-48h-3L-3.4M-1,Accuracy,41,96.95
Pure CE,exp-tsc-8k-purece-t1-48h-3L-3.4M-1,Accuracy,42,95.49
Pure CE,exp-tsc-8k-purece-t1-48h-3L-3.4M-1,Accuracy,43,94.92
Pure CE,exp-tsc-8k-purece-t1-48h-3L-3.4M-1,Accuracy,44,95.81
Pure CE,exp-tsc-8k-purece-t1-48h-3L-3.4M-1,Accuracy,45,95.08
Pure CE,exp-tsc-8k-purece-t1-48h-3L-3.4M-1,Accuracy,46,95.81
Pure CE,exp-tsc-8k-purece-t1-48h-3L-3.4M-1,Accuracy,47,95.34
Pure CE,exp-tsc-8k-purece-t1-48h-3L-3.4M-1,Accuracy,48,95.32000000000001
Pure CE,exp-tsc-8k-purece-t1-48h-3L-3.4M-1,Accuracy,49,94.86
Pure CE,exp-tsc-8k-purece-t1-48h-3L-3.4M-1,Accuracy,50,95.08
Pure CE,exp-tsc-8k-purece-t1-48h-3L-3.4M-1,Accuracy,51,95.89999999999999
Pure CE,exp-tsc-8k-purece-t1-48h-3L-3.4M-1,Accuracy,52,96.14
Pure CE,exp-tsc-8k-purece-t1-48h-3L-3.4M-1,Accuracy,53,95.73
Pure CE,exp-tsc-8k-purece-t1-48h-3L-3.4M-1,Accuracy,54,95.58
Pure CE,exp-tsc-8k-purece-t1-48h-3L-3.4M-1,Accuracy,55,94.69
Pure CE,exp-tsc-8k-purece-t1-48h-3L-3.4M-1,Accuracy,56,95.89
Pure CE,exp-tsc-8k-purece-t1-48h-3L-3.4M-1,Accuracy,57,95.02000000000001
Pure CE,exp-tsc-8k-purece-t1-48h-3L-3.4M-1,Accuracy,58,96.78
Pure CE,exp-tsc-8k-purece-t1-48h-3L-3.4M-1,Accuracy,59,97.02
Pure CE,exp-tsc-8k-purece-t1-48h-3L-3.4M-1,Accuracy,60,95.17
Pure CE,exp-tsc-8k-purece-t1-48h-3L-3.4M-1,Accuracy,61,95.09
Pure CE,exp-tsc-8k-purece-t1-48h-3L-3.4M-1,Accuracy,62,95.74000000000001
Pure CE,exp-tsc-8k-purece-t1-48h-3L-3.4M-1,Accuracy,63,95.66
Pure CE,exp-tsc-8k-purece-t1-48h-3L-3.4M-1,Accuracy,64,96.86
Pure CE,exp-tsc-8k-purece-t1-48h-3L-3.4M-1,Accuracy,65,95.66
Pure CE,exp-tsc-8k-purece-t1-48h-3L-3.4M-1,Accuracy,66,96.21
Pure CE,exp-tsc-8k-purece-t1-48h-3L-3.4M-1,Accuracy,67,96.46000000000001
Pure CE,exp-tsc-8k-purece-t1-48h-3L-3.4M-1,Accuracy,68,95.02000000000001
Pure CE,exp-tsc-8k-purece-t1-48h-3L-3.4M-1,Accuracy,69,95.82000000000001
Pure CE,exp-tsc-8k-purece-t1-48h-3L-3.4M-1,Accuracy,70,96.14
Pure CE,exp-tsc-8k-purece-t1-48h-3L-3.4M-1,Accuracy,71,96.05
Pure CE,exp-tsc-8k-purece-t1-48h-3L-3.4M-1,Accuracy,72,95.34
Pure CE,exp-tsc-8k-purece-t1-48h-3L-3.4M-1,Accuracy,73,94.84
Pure CE,exp-tsc-8k-purece-t1-48h-3L-3.4M-1,Accuracy,74,95.33
Pure CE,exp-tsc-8k-purece-t1-48h-3L-3.4M-1,Accuracy,75,95.26
Pure CE,exp-tsc-8k-purece-t1-48h-3L-3.4M-1,Accuracy,76,96.06
Pure CE,exp-tsc-8k-purece-t1-48h-3L-3.4M-1,Accuracy,77,96.22
Pure CE,exp-tsc-8k-purece-t1-48h-3L-3.4M-1,Accuracy,78,95.49
Pure CE,exp-tsc-8k-purece-t1-48h-3L-3.4M-1,Accuracy,79,95.33
Pure CE,exp-tsc-8k-purece-t1-48h-3L-3.4M-1,Accuracy,80,96.22
Pure CE,exp-tsc-8k-purece-t1-48h-3L-3.4M-1,Accuracy,81,95.89
Pure CE,exp-tsc-8k-purece-t1-48h-3L-3.4M-1,Accuracy,82,96.14
Pure CE,exp-tsc-8k-purece-t1-48h-3L-3.4M-1,Accuracy,83,95.89999999999999
Pure CE,exp-tsc-8k-purece-t1-48h-3L-3.4M-1,Accuracy,84,96.21
Pure CE,exp-tsc-8k-purece-t1-48h-3L-3.4M-1,Accuracy,85,96.46000000000001
Pure CE,exp-tsc-8k-purece-t1-48h-3L-3.4M-1,Accuracy,86,95.84
Pure CE,exp-tsc-8k-purece-t1-48h-3L-3.4M-1,Accuracy,87,95.89999999999999
Pure CE,exp-tsc-8k-purece-t1-48h-3L-3.4M-1,Accuracy,88,96.54
Pure CE,exp-tsc-8k-purece-t1-48h-3L-3.4M-1,Accuracy,89,96.05
Pure CE,exp-tsc-8k-purece-t1-48h-3L-3.4M-1,Accuracy,90,96.06
Pure CE,exp-tsc-8k-purece-t1-48h-3L-3.4M-1,Accuracy,91,96.61
Pure CE,exp-tsc-8k-purece-t1-48h-3L-3.4M-1,Accuracy,92,96.7
Pure CE,exp-tsc-8k-purece-t1-48h-3L-3.4M-1,Accuracy,93,96.37
Pure CE,exp-tsc-8k-purece-t1-48h-3L-3.4M-1,Accuracy,94,96.7
Pure CE,exp-tsc-8k-purece-t1-48h-3L-3.4M-1,Accuracy,95,95.82000000000001
Pure CE,exp-tsc-8k-purece-t1-48h-3L-3.4M-1,Accuracy,96,96.94
Pure CE,exp-tsc-8k-purece-t1-48h-3L-3.4M-1,Accuracy,97,95.81
Pure CE,exp-tsc-8k-purece-t1-48h-3L-3.4M-1,Accuracy,98,95.98
Pure CE,exp-tsc-8k-purece-t1-48h-3L-3.4M-1,Accuracy,99,95.99
Pure CE,exp-tsc-8k-purece-t1-48h-3L-3.4M-1,Accuracy,100,95.81
Pure CE,exp-tsc-8k-purece-t1-48h-3L-3.4M-1,Accuracy,101,96.13000000000001
Pure CE,exp-tsc-8k-purece-t1-48h-3L-3.4M-1,Accuracy,102,95.89
Pure CE,exp-tsc-8k-purece-t1-48h-3L-3.4M-1,Accuracy,103,96.95
Pure CE,exp-tsc-8k-purece-t1-48h-3L-3.4M-1,Accuracy,104,96.61
Pure CE,exp-tsc-8k-purece-t1-48h-3L-3.4M-1,Accuracy,105,97.35000000000001
Pure CE,exp-tsc-8k-purece-t1-48h-3L-3.4M-1,Accuracy,106,97.02
Pure CE,exp-tsc-8k-purece-t1-48h-3L-3.4M-1,Accuracy,107,97.43
Pure CE,exp-tsc-8k-purece-t1-48h-3L-3.4M-1,Accuracy,108,97.03
Pure CE,exp-tsc-8k-purece-t1-48h-3L-3.4M-1,Accuracy,109,96.37
Pure CE,exp-tsc-8k-purece-t1-48h-3L-3.4M-1,Accuracy,110,96.61999999999999
Pure CE,exp-tsc-8k-purece-t1-48h-3L-3.4M-1,Accuracy,111,96.94
Pure CE,exp-tsc-8k-purece-t1-48h-3L-3.4M-1,Accuracy,112,96.78
Pure CE,exp-tsc-8k-purece-t1-48h-3L-3.4M-1,Accuracy,113,97.5
Pure CE,exp-tsc-8k-purece-t1-48h-3L-3.4M-1,Accuracy,114,96.7
Pure CE,exp-tsc-8k-purece-t1-48h-3L-3.4M-1,Accuracy,115,97.1
Pure CE,exp-tsc-8k-purece-t1-48h-3L-3.4M-1,Accuracy,116,97.27
Pure CE,exp-tsc-8k-purece-t1-48h-3L-3.4M-1,Accuracy,117,97.1
Pure CE,exp-tsc-8k-purece-t1-48h-3L-3.4M-1,Accuracy,118,97.35000000000001
Pure CE,exp-tsc-8k-purece-t1-48h-3L-3.4M-1,Accuracy,119,96.86
Pure CE,exp-tsc-8k-purece-t1-48h-3L-3.4M-1,Accuracy,120,97.75
Pure CE,exp-tsc-8k-purece-t1-48h-3L-3.4M-1,Accuracy,121,97.26
Pure CE,exp-tsc-8k-purece-t1-48h-3L-3.4M-1,Accuracy,122,96.63000000000001
Pure CE,exp-tsc-8k-purece-t1-48h-3L-3.4M-1,Accuracy,123,97.19
Pure CE,exp-tsc-8k-purece-t1-48h-3L-3.4M-1,Accuracy,124,97.11
Pure CE,exp-tsc-8k-purece-t1-48h-3L-3.4M-1,Accuracy,125,97.02
Pure CE,exp-tsc-8k-purece-t1-48h-3L-3.4M-1,Accuracy,126,97.43
Pure CE,exp-tsc-8k-purece-t1-48h-3L-3.4M-1,Accuracy,127,96.7
Pure CE,exp-tsc-8k-purece-t1-48h-3L-3.4M-1,Accuracy,128,97.67
Pure CE,exp-tsc-8k-purece-t1-48h-3L-3.4M-1,Accuracy,129,97.50999999999999
Pure CE,exp-tsc-8k-purece-t1-48h-3L-3.4M-1,Accuracy,130,97.43
Pure CE,exp-tsc-8k-purece-t1-48h-3L-3.4M-1,Accuracy,131,97.03
Pure CE,exp-tsc-8k-purece-t1-48h-3L-3.4M-1,Accuracy,132,97.18
Pure CE,exp-tsc-8k-purece-t1-48h-3L-3.4M-1,Accuracy,133,97.43
Pure CE,exp-tsc-8k-purece-t1-48h-3L-3.4M-1,Accuracy,134,97.26
Pure CE,exp-tsc-8k-purece-t1-48h-3L-3.4M-1,Accuracy,135,96.77
Pure CE,exp-tsc-8k-purece-t1-48h-3L-3.4M-1,Accuracy,136,97.1
Pure CE,exp-tsc-8k-purece-t1-48h-3L-3.4M-1,Accuracy,137,97.67
Pure CE,exp-tsc-8k-purece-t1-48h-3L-3.4M-1,Accuracy,138,97.67
Pure CE,exp-tsc-8k-purece-t1-48h-3L-3.4M-1,Accuracy,139,97.02
Pure CE,exp-tsc-8k-purece-t1-48h-3L-3.4M-1,Accuracy,140,97.03
Pure CE,exp-tsc-8k-purece-t1-48h-3L-3.4M-1,Accuracy,141,97.34
Pure CE,exp-tsc-8k-purece-t1-48h-3L-3.4M-1,Accuracy,142,96.93
Pure CE,exp-tsc-8k-purece-t1-48h-3L-3.4M-1,Accuracy,143,97.5
Pure CE,exp-tsc-8k-purece-t1-48h-3L-3.4M-1,Accuracy,144,97.18
Pure CE,exp-tsc-8k-purece-t1-48h-3L-3.4M-1,Accuracy,145,97.50999999999999
Pure CE,exp-tsc-8k-purece-t1-48h-3L-3.4M-1,Accuracy,146,97.66
Pure CE,exp-tsc-8k-purece-t1-48h-3L-3.4M-1,Accuracy,147,97.1
Pure CE,exp-tsc-8k-purece-t1-48h-3L-3.4M-1,Accuracy,148,97.18
Pure CE,exp-tsc-8k-purece-t1-48h-3L-3.4M-1,Accuracy,149,96.94
Pure CE,exp-tsc-8k-purece-t1-48h-3L-3.4M-1,Accuracy,150,98.22999999999999
Pure CE,exp-tsc-8k-purece-t1-48h-3L-3.4M-1,Accuracy,151,97.83
Pure CE,exp-tsc-8k-purece-t1-48h-3L-3.4M-1,Accuracy,152,97.75
Pure CE,exp-tsc-8k-purece-t1-48h-3L-3.4M-1,Accuracy,153,97.58
Pure CE,exp-tsc-8k-purece-t1-48h-3L-3.4M-1,Accuracy,154,96.7
Pure CE,exp-tsc-8k-purece-t1-48h-3L-3.4M-1,Accuracy,155,97.59
Pure CE,exp-tsc-8k-purece-t1-48h-3L-3.4M-1,Accuracy,156,97.1
Pure CE,exp-tsc-8k-purece-t1-48h-3L-3.4M-1,Accuracy,157,96.86
Pure CE,exp-tsc-8k-purece-t1-48h-3L-3.4M-1,Accuracy,158,98.31
Pure CE,exp-tsc-8k-purece-t1-48h-3L-3.4M-1,Accuracy,159,96.93
Pure CE,exp-tsc-8k-purece-t1-48h-3L-3.4M-1,Accuracy,160,98.15
Pure CE,exp-tsc-8k-purece-t1-48h-3L-3.4M-1,Accuracy,161,98.07000000000001
Pure CE,exp-tsc-8k-purece-t1-48h-3L-3.4M-1,Accuracy,162,97.75
Pure CE,exp-tsc-8k-purece-t1-48h-3L-3.4M-1,Accuracy,163,97.1
Pure CE,exp-tsc-8k-purece-t1-48h-3L-3.4M-1,Accuracy,164,97.43
Pure CE,exp-tsc-8k-purece-t1-48h-3L-3.4M-1,Accuracy,165,98.48
Pure CE,exp-tsc-8k-purece-t1-48h-3L-3.4M-1,Accuracy,166,97.34
Pure CE,exp-tsc-8k-purece-t1-48h-3L-3.4M-1,Accuracy,167,97.91
Pure CE,exp-tsc-8k-purece-t1-48h-3L-3.4M-1,Accuracy,168,97.91
Pure CE,exp-tsc-8k-purece-t1-48h-3L-3.4M-1,Accuracy,169,96.77
Pure CE,exp-tsc-8k-purece-t1-48h-3L-3.4M-1,Accuracy,170,97.18
Pure CE,exp-tsc-8k-purece-t1-48h-3L-3.4M-1,Accuracy,171,97.50999999999999
Pure CE,exp-tsc-8k-purece-t1-48h-3L-3.4M-1,Accuracy,172,98.39
Pure CE,exp-tsc-8k-purece-t1-48h-3L-3.4M-1,Accuracy,173,97.74000000000001
Pure CE,exp-tsc-8k-purece-t1-48h-3L-3.4M-1,Accuracy,174,98.47
Pure CE,exp-tsc-8k-purece-t1-48h-3L-3.4M-1,Accuracy,175,97.67
Pure CE,exp-tsc-8k-purece-t1-48h-3L-3.4M-1,Accuracy,176,97.09
Pure CE,exp-tsc-8k-purece-t1-48h-3L-3.4M-1,Accuracy,177,98.14
Pure CE,exp-tsc-8k-purece-t1-48h-3L-3.4M-1,Accuracy,178,97.67
Pure CE,exp-tsc-8k-purece-t1-48h-3L-3.4M-1,Accuracy,179,97.43
Pure CE,exp-tsc-8k-purece-t1-48h-3L-3.4M-1,Accuracy,180,97.91
Pure CE,exp-tsc-8k-purece-t1-48h-3L-3.4M-1,Accuracy,181,97.74000000000001
Pure CE,exp-tsc-8k-purece-t1-48h-3L-3.4M-1,Accuracy,182,98.07000000000001
Pure CE,exp-tsc-8k-purece-t1-48h-3L-3.4M-1,Accuracy,183,98.07000000000001
Pure CE,exp-tsc-8k-purece-t1-48h-3L-3.4M-1,Accuracy,184,97.59
Pure CE,exp-tsc-8k-purece-t1-48h-3L-3.4M-1,Accuracy,185,97.58
Pure CE,exp-tsc-8k-purece-t1-48h-3L-3.4M-1,Accuracy,186,97.27
Pure CE,exp-tsc-8k-purece-t1-48h-3L-3.4M-1,Accuracy,187,97.42
Pure CE,exp-tsc-8k-purece-t1-48h-3L-3.4M-1,Accuracy,188,97.66
Pure CE,exp-tsc-8k-purece-t1-48h-3L-3.4M-1,Accuracy,189,97.75
Pure CE,exp-tsc-8k-purece-t1-48h-3L-3.4M-1,Accuracy,190,98.07000000000001
Pure CE,exp-tsc-8k-purece-t1-48h-3L-3.4M-1,Accuracy,191,97.25
Pure CE,exp-tsc-8k-purece-t1-48h-3L-3.4M-1,Accuracy,192,97.26
Pure CE,exp-tsc-8k-purece-t1-48h-3L-3.4M-1,Accuracy,193,97.42
Pure CE,exp-tsc-8k-purece-t1-48h-3L-3.4M-1,Accuracy,194,97.1
Pure CE,exp-tsc-8k-purece-t1-48h-3L-3.4M-1,Accuracy,195,97.26
Pure CE,exp-tsc-8k-purece-t1-48h-3L-3.4M-1,Accuracy,196,98.07000000000001
Pure CE,exp-tsc-8k-purece-t1-48h-3L-3.4M-1,Accuracy,197,97.58
Pure CE,exp-tsc-8k-purece-t1-48h-3L-3.4M-1,Accuracy,198,98.22999999999999
Pure CE,exp-tsc-8k-purece-t1-48h-3L-3.4M-1,Accuracy,199,97.75
Pure CE,exp-tsc-8k-purece-t1-48h-3L-3.4M-1,Accuracy,200,98.39
Pure CE,exp-tsc-8k-purece-t1-48h-3L-3.4M-1,Accuracy,201,97.83
Pure CE,exp-tsc-8k-purece-t1-48h-3L-3.4M-1,Accuracy,202,97.83
Pure CE,exp-tsc-8k-purece-t1-48h-3L-3.4M-1,Accuracy,203,97.5
Pure CE,exp-tsc-8k-purece-t1-48h-3L-3.4M-1,Accuracy,204,98.15
Pure CE,exp-tsc-8k-purece-t1-48h-3L-3.4M-1,Accuracy,205,98.15
Pure CE,exp-tsc-8k-purece-t1-48h-3L-3.4M-1,Accuracy,206,98.31
Pure CE,exp-tsc-8k-purece-t1-48h-3L-3.4M-1,Accuracy,207,97.5
Pure CE,exp-tsc-8k-purece-t1-48h-3L-3.4M-1,Accuracy,208,97.58
Pure CE,exp-tsc-8k-purece-t1-48h-3L-3.4M-1,Accuracy,209,97.75
Pure CE,exp-tsc-8k-purece-t1-48h-3L-3.4M-1,Accuracy,210,98.07000000000001
Pure CE,exp-tsc-8k-purece-t1-48h-3L-3.4M-1,Accuracy,211,98.15
Pure CE,exp-tsc-8k-purece-t1-48h-3L-3.4M-1,Accuracy,212,97.91
Pure CE,exp-tsc-8k-purece-t1-48h-3L-3.4M-1,Accuracy,213,97.5
Pure CE,exp-tsc-8k-purece-t1-48h-3L-3.4M-1,Accuracy,214,96.94
Pure CE,exp-tsc-8k-purece-t1-48h-3L-3.4M-1,Accuracy,215,97.43
Pure CE,exp-tsc-8k-purece-t1-48h-3L-3.4M-1,Accuracy,216,97.26
Pure CE,exp-tsc-8k-purece-t1-48h-3L-3.4M-1,Accuracy,217,97.67
Pure CE,exp-tsc-8k-purece-t1-48h-3L-3.4M-1,Accuracy,218,97.34
Pure CE,exp-tsc-8k-purece-t1-48h-3L-3.4M-1,Accuracy,219,97.91
Pure CE,exp-tsc-8k-purece-t1-48h-3L-3.4M-1,Accuracy,220,97.99
Pure CE,exp-tsc-8k-purece-t1-48h-3L-3.4M-1,Accuracy,221,97.18
Pure CE,exp-tsc-8k-purece-t1-48h-3L-3.4M-1,Accuracy,222,97.26
Pure CE,exp-tsc-8k-purece-t1-48h-3L-3.4M-1,Accuracy,223,97.83
Pure CE,exp-tsc-8k-purece-t1-48h-3L-3.4M-1,Accuracy,224,96.85000000000001
Pure CE,exp-tsc-8k-purece-t1-48h-3L-3.4M-1,Accuracy,225,97.91
Pure CE,exp-tsc-8k-purece-t1-48h-3L-3.4M-1,Accuracy,226,97.50999999999999
Pure CE,exp-tsc-8k-purece-t1-48h-3L-3.4M-1,Accuracy,227,98.22999999999999
Pure CE,exp-tsc-8k-purece-t1-48h-3L-3.4M-1,Accuracy,228,97.83
Pure CE,exp-tsc-8k-purece-t1-48h-3L-3.4M-1,Accuracy,229,97.82
Pure CE,exp-tsc-8k-purece-t1-48h-3L-3.4M-1,Accuracy,230,97.59
Pure CE,exp-tsc-8k-purece-t1-48h-3L-3.4M-1,Accuracy,231,97.34
Pure CE,exp-tsc-8k-purece-t1-48h-3L-3.4M-1,Accuracy,232,97.42
Pure CE,exp-tsc-8k-purece-t1-48h-3L-3.4M-1,Accuracy,233,97.35000000000001
Pure CE,exp-tsc-8k-purece-t1-48h-3L-3.4M-1,Accuracy,234,97.82
Pure CE,exp-tsc-8k-purece-t1-48h-3L-3.4M-1,Accuracy,235,97.99
Pure CE,exp-tsc-8k-purece-t1-48h-3L-3.4M-1,Accuracy,236,97.67
Pure CE,exp-tsc-8k-purece-t1-48h-3L-3.4M-1,Accuracy,237,97.18
Pure CE,exp-tsc-8k-purece-t1-48h-3L-3.4M-1,Accuracy,238,97.75
Pure CE,exp-tsc-8k-purece-t1-48h-3L-3.4M-1,Accuracy,239,97.5
Pure CE,exp-tsc-8k-purece-t1-48h-3L-3.4M-1,Accuracy,240,97.89999999999999
Pure CE,exp-tsc-8k-purece-t1-48h-3L-3.4M-1,Accuracy,241,97.83
Pure CE,exp-tsc-8k-purece-t1-48h-3L-3.4M-1,Accuracy,242,97.35000000000001
Pure CE,exp-tsc-8k-purece-t1-48h-3L-3.4M-1,Accuracy,243,98.15
Pure CE,exp-tsc-8k-purece-t1-48h-3L-3.4M-1,Accuracy,244,97.66
Pure CE,exp-tsc-8k-purece-t1-48h-3L-3.4M-1,Accuracy,245,97.75
Pure CE,exp-tsc-8k-purece-t1-48h-3L-3.4M-1,Accuracy,246,98.07000000000001
Pure CE,exp-tsc-8k-purece-t1-48h-3L-3.4M-1,Accuracy,247,97.99
Pure CE,exp-tsc-8k-purece-t1-48h-3L-3.4M-1,Accuracy,248,97.74000000000001
Pure CE,exp-tsc-8k-purece-t1-48h-3L-3.4M-1,Accuracy,249,98.07000000000001
Pure KL,exp-tsc-8k-purekl-t1-48h-3L-3.4M-1,Loss,1,4.408162
Pure KL,exp-tsc-8k-purekl-t1-48h-3L-3.4M-1,Loss,2,2.810444
Pure KL,exp-tsc-8k-purekl-t1-48h-3L-3.4M-1,Loss,3,2.641161
Pure KL,exp-tsc-8k-purekl-t1-48h-3L-3.4M-1,Loss,4,2.432059
Pure KL,exp-tsc-8k-purekl-t1-48h-3L-3.4M-1,Loss,5,2.13031
Pure KL,exp-tsc-8k-purekl-t1-48h-3L-3.4M-1,Loss,6,1.796123
Pure KL,exp-tsc-8k-purekl-t1-48h-3L-3.4M-1,Loss,7,1.482042
Pure KL,exp-tsc-8k-purekl-t1-48h-3L-3.4M-1,Loss,8,1.154627
Pure KL,exp-tsc-8k-purekl-t1-48h-3L-3.4M-1,Loss,9,0.900682
Pure KL,exp-tsc-8k-purekl-t1-48h-3L-3.4M-1,Loss,10,0.715534
Pure KL,exp-tsc-8k-purekl-t1-48h-3L-3.4M-1,Loss,11,0.535219
Pure KL,exp-tsc-8k-purekl-t1-48h-3L-3.4M-1,Loss,12,0.415173
Pure KL,exp-tsc-8k-purekl-t1-48h-3L-3.4M-1,Loss,13,0.321172
Pure KL,exp-tsc-8k-purekl-t1-48h-3L-3.4M-1,Loss,14,0.280822
Pure KL,exp-tsc-8k-purekl-t1-48h-3L-3.4M-1,Loss,15,0.218802
Pure KL,exp-tsc-8k-purekl-t1-48h-3L-3.4M-1,Loss,16,0.175061
Pure KL,exp-tsc-8k-purekl-t1-48h-3L-3.4M-1,Loss,17,0.178233
Pure KL,exp-tsc-8k-purekl-t1-48h-3L-3.4M-1,Loss,18,0.136014
Pure KL,exp-tsc-8k-purekl-t1-48h-3L-3.4M-1,Loss,19,0.151534
Pure KL,exp-tsc-8k-purekl-t1-48h-3L-3.4M-1,Loss,20,0.118948
Pure KL,exp-tsc-8k-purekl-t1-48h-3L-3.4M-1,Loss,21,0.11508
Pure KL,exp-tsc-8k-purekl-t1-48h-3L-3.4M-1,Loss,22,0.158723
Pure KL,exp-tsc-8k-purekl-t1-48h-3L-3.4M-1,Loss,23,0.143354
Pure KL,exp-tsc-8k-purekl-t1-48h-3L-3.4M-1,Loss,24,0.101533
Pure KL,exp-tsc-8k-purekl-t1-48h-3L-3.4M-1,Loss,25,0.127598
Pure KL,exp-tsc-8k-purekl-t1-48h-3L-3.4M-1,Loss,26,0.145363
Pure KL,exp-tsc-8k-purekl-t1-48h-3L-3.4M-1,Loss,27,0.129525
Pure KL,exp-tsc-8k-purekl-t1-48h-3L-3.4M-1,Loss,28,0.12792
Pure KL,exp-tsc-8k-purekl-t1-48h-3L-3.4M-1,Loss,29,0.111264
Pure KL,exp-tsc-8k-purekl-t1-48h-3L-3.4M-1,Loss,30,0.102018
Pure KL,exp-tsc-8k-purekl-t1-48h-3L-3.4M-1,Loss,31,0.081013
Pure KL,exp-tsc-8k-purekl-t1-48h-3L-3.4M-1,Loss,32,0.091053
Pure KL,exp-tsc-8k-purekl-t1-48h-3L-3.4M-1,Loss,33,0.095283
Pure KL,exp-tsc-8k-purekl-t1-48h-3L-3.4M-1,Loss,34,0.095846
Pure KL,exp-tsc-8k-purekl-t1-48h-3L-3.4M-1,Loss,35,0.087164
Pure KL,exp-tsc-8k-purekl-t1-48h-3L-3.4M-1,Loss,36,0.082571
Pure KL,exp-tsc-8k-purekl-t1-48h-3L-3.4M-1,Loss,37,0.119873
Pure KL,exp-tsc-8k-purekl-t1-48h-3L-3.4M-1,Loss,38,0.089804
Pure KL,exp-tsc-8k-purekl-t1-48h-3L-3.4M-1,Loss,39,0.086162
Pure KL,exp-tsc-8k-purekl-t1-48h-3L-3.4M-1,Loss,40,0.08888
Pure KL,exp-tsc-8k-purekl-t1-48h-3L-3.4M-1,Loss,41,0.073336
Pure KL,exp-tsc-8k-purekl-t1-48h-3L-3.4M-1,Loss,42,0.091312
Pure KL,exp-tsc-8k-purekl-t1-48h-3L-3.4M-1,Loss,43,0.08596
Pure KL,exp-tsc-8k-purekl-t1-48h-3L-3.4M-1,Loss,44,0.085485
Pure KL,exp-tsc-8k-purekl-t1-48h-3L-3.4M-1,Loss,45,0.082142
Pure KL,exp-tsc-8k-purekl-t1-48h-3L-3.4M-1,Loss,46,0.065075
Pure KL,exp-tsc-8k-purekl-t1-48h-3L-3.4M-1,Loss,47,0.094546
Pure KL,exp-tsc-8k-purekl-t1-48h-3L-3.4M-1,Loss,48,0.071495
Pure KL,exp-tsc-8k-purekl-t1-48h-3L-3.4M-1,Loss,49,0.075437
Pure KL,exp-tsc-8k-purekl-t1-48h-3L-3.4M-1,Loss,50,0.06756
Pure KL,exp-tsc-8k-purekl-t1-48h-3L-3.4M-1,Loss,51,0.092226
Pure KL,exp-tsc-8k-purekl-t1-48h-3L-3.4M-1,Loss,52,0.090772
Pure KL,exp-tsc-8k-purekl-t1-48h-3L-3.4M-1,Loss,53,0.089466
Pure KL,exp-tsc-8k-purekl-t1-48h-3L-3.4M-1,Loss,54,0.090602
Pure KL,exp-tsc-8k-purekl-t1-48h-3L-3.4M-1,Loss,55,0.085411
Pure KL,exp-tsc-8k-purekl-t1-48h-3L-3.4M-1,Loss,56,0.086398
Pure KL,exp-tsc-8k-purekl-t1-48h-3L-3.4M-1,Loss,57,0.086312
Pure KL,exp-tsc-8k-purekl-t1-48h-3L-3.4M-1,Loss,58,0.072665
Pure KL,exp-tsc-8k-purekl-t1-48h-3L-3.4M-1,Loss,59,0.06419
Pure KL,exp-tsc-8k-purekl-t1-48h-3L-3.4M-1,Loss,60,0.078294
Pure KL,exp-tsc-8k-purekl-t1-48h-3L-3.4M-1,Loss,61,0.088837
Pure KL,exp-tsc-8k-purekl-t1-48h-3L-3.4M-1,Loss,62,0.079715
Pure KL,exp-tsc-8k-purekl-t1-48h-3L-3.4M-1,Loss,63,0.091572
Pure KL,exp-tsc-8k-purekl-t1-48h-3L-3.4M-1,Loss,64,0.057145
Pure KL,exp-tsc-8k-purekl-t1-48h-3L-3.4M-1,Loss,65,0.068366
Pure KL,exp-tsc-8k-purekl-t1-48h-3L-3.4M-1,Loss,66,0.073315
Pure KL,exp-tsc-8k-purekl-t1-48h-3L-3.4M-1,Loss,67,0.063917
Pure KL,exp-tsc-8k-purekl-t1-48h-3L-3.4M-1,Loss,68,0.075456
Pure KL,exp-tsc-8k-purekl-t1-48h-3L-3.4M-1,Loss,69,0.0735
Pure KL,exp-tsc-8k-purekl-t1-48h-3L-3.4M-1,Loss,70,0.068535
Pure KL,exp-tsc-8k-purekl-t1-48h-3L-3.4M-1,Loss,71,0.062069
Pure KL,exp-tsc-8k-purekl-t1-48h-3L-3.4M-1,Loss,72,0.077224
Pure KL,exp-tsc-8k-purekl-t1-48h-3L-3.4M-1,Loss,73,0.068006
Pure KL,exp-tsc-8k-purekl-t1-48h-3L-3.4M-1,Loss,74,0.062993
Pure KL,exp-tsc-8k-purekl-t1-48h-3L-3.4M-1,Loss,75,0.074448
Pure KL,exp-tsc-8k-purekl-t1-48h-3L-3.4M-1,Loss,76,0.057209
Pure KL,exp-tsc-8k-purekl-t1-48h-3L-3.4M-1,Loss,77,0.05818
Pure KL,exp-tsc-8k-purekl-t1-48h-3L-3.4M-1,Loss,78,0.080481
Pure KL,exp-tsc-8k-purekl-t1-48h-3L-3.4M-1,Loss,79,0.071428
Pure KL,exp-tsc-8k-purekl-t1-48h-3L-3.4M-1,Loss,80,0.056662
Pure KL,exp-tsc-8k-purekl-t1-48h-3L-3.4M-1,Loss,81,0.059791
Pure KL,exp-tsc-8k-purekl-t1-48h-3L-3.4M-1,Loss,82,0.06782
Pure KL,exp-tsc-8k-purekl-t1-48h-3L-3.4M-1,Loss,83,0.066328
Pure KL,exp-tsc-8k-purekl-t1-48h-3L-3.4M-1,Loss,84,0.057375
Pure KL,exp-tsc-8k-purekl-t1-48h-3L-3.4M-1,Loss,85,0.060524
Pure KL,exp-tsc-8k-purekl-t1-48h-3L-3.4M-1,Loss,86,0.063543
Pure KL,exp-tsc-8k-purekl-t1-48h-3L-3.4M-1,Loss,87,0.062662
Pure KL,exp-tsc-8k-purekl-t1-48h-3L-3.4M-1,Loss,88,0.054398
Pure KL,exp-tsc-8k-purekl-t1-48h-3L-3.4M-1,Loss,89,0.067022
Pure KL,exp-tsc-8k-purekl-t1-48h-3L-3.4M-1,Loss,90,0.074216
Pure KL,exp-tsc-8k-purekl-t1-48h-3L-3.4M-1,Loss,91,0.060737
Pure KL,exp-tsc-8k-purekl-t1-48h-3L-3.4M-1,Loss,92,0.06927
Pure KL,exp-tsc-8k-purekl-t1-48h-3L-3.4M-1,Loss,93,0.057851
Pure KL,exp-tsc-8k-purekl-t1-48h-3L-3.4M-1,Loss,94,0.054853
Pure KL,exp-tsc-8k-purekl-t1-48h-3L-3.4M-1,Loss,95,0.076275
Pure KL,exp-tsc-8k-purekl-t1-48h-3L-3.4M-1,Loss,96,0.054768
Pure KL,exp-tsc-8k-purekl-t1-48h-3L-3.4M-1,Loss,97,0.061215
Pure KL,exp-tsc-8k-purekl-t1-48h-3L-3.4M-1,Loss,98,0.05389
Pure KL,exp-tsc-8k-purekl-t1-48h-3L-3.4M-1,Loss,99,0.061025
Pure KL,exp-tsc-8k-purekl-t1-48h-3L-3.4M-1,Loss,100,0.060853
Pure KL,exp-tsc-8k-purekl-t1-48h-3L-3.4M-1,Loss,101,0.058391
Pure KL,exp-tsc-8k-purekl-t1-48h-3L-3.4M-1,Loss,102,0.064115
Pure KL,exp-tsc-8k-purekl-t1-48h-3L-3.4M-1,Loss,103,0.05873
Pure KL,exp-tsc-8k-purekl-t1-48h-3L-3.4M-1,Loss,104,0.058712
Pure KL,exp-tsc-8k-purekl-t1-48h-3L-3.4M-1,Loss,105,0.051429
Pure KL,exp-tsc-8k-purekl-t1-48h-3L-3.4M-1,Loss,106,0.058706
Pure KL,exp-tsc-8k-purekl-t1-48h-3L-3.4M-1,Loss,107,0.051235
Pure KL,exp-tsc-8k-purekl-t1-48h-3L-3.4M-1,Loss,108,0.056106
Pure KL,exp-tsc-8k-purekl-t1-48h-3L-3.4M-1,Loss,109,0.058439
Pure KL,exp-tsc-8k-purekl-t1-48h-3L-3.4M-1,Loss,110,0.073942
Pure KL,exp-tsc-8k-purekl-t1-48h-3L-3.4M-1,Loss,111,0.076928
Pure KL,exp-tsc-8k-purekl-t1-48h-3L-3.4M-1,Loss,112,0.056258
Pure KL,exp-tsc-8k-purekl-t1-48h-3L-3.4M-1,Loss,113,0.051802
Pure KL,exp-tsc-8k-purekl-t1-48h-3L-3.4M-1,Loss,114,0.051688
Pure KL,exp-tsc-8k-purekl-t1-48h-3L-3.4M-1,Loss,115,0.05427
Pure KL,exp-tsc-8k-purekl-t1-48h-3L-3.4M-1,Loss,116,0.056472
Pure KL,exp-tsc-8k-purekl-t1-48h-3L-3.4M-1,Loss,117,0.063276
Pure KL,exp-tsc-8k-purekl-t1-48h-3L-3.4M-1,Loss,118,0.0593
Pure KL,exp-tsc-8k-purekl-t1-48h-3L-3.4M-1,Loss,119,0.059847
Pure KL,exp-tsc-8k-purekl-t1-48h-3L-3.4M-1,Loss,120,0.052166
Pure KL,exp-tsc-8k-purekl-t1-48h-3L-3.4M-1,Loss,121,0.067055
Pure KL,exp-tsc-8k-purekl-t1-48h-3L-3.4M-1,Loss,122,0.061417
Pure KL,exp-tsc-8k-purekl-t1-48h-3L-3.4M-1,Loss,123,0.055258
Pure KL,exp-tsc-8k-purekl-t1-48h-3L-3.4M-1,Loss,124,0.058414
Pure KL,exp-tsc-8k-purekl-t1-48h-3L-3.4M-1,Loss,125,0.051041
Pure KL,exp-tsc-8k-purekl-t1-48h-3L-3.4M-1,Loss,126,0.049791
Pure KL,exp-tsc-8k-purekl-t1-48h-3L-3.4M-1,Loss,127,0.06137
Pure KL,exp-tsc-8k-purekl-t1-48h-3L-3.4M-1,Loss,128,0.052962
Pure KL,exp-tsc-8k-purekl-t1-48h-3L-3.4M-1,Loss,129,0.051047
Pure KL,exp-tsc-8k-purekl-t1-48h-3L-3.4M-1,Loss,130,0.045869
Pure KL,exp-tsc-8k-purekl-t1-48h-3L-3.4M-1,Loss,131,0.055871
Pure KL,exp-tsc-8k-purekl-t1-48h-3L-3.4M-1,Loss,132,0.055669
Pure KL,exp-tsc-8k-purekl-t1-48h-3L-3.4M-1,Loss,133,0.059545
Pure KL,exp-tsc-8k-purekl-t1-48h-3L-3.4M-1,Loss,134,0.054091
Pure KL,exp-tsc-8k-purekl-t1-48h-3L-3.4M-1,Loss,135,0.054297
Pure KL,exp-tsc-8k-purekl-t1-48h-3L-3.4M-1,Loss,136,0.074598
Pure KL,exp-tsc-8k-purekl-t1-48h-3L-3.4M-1,Loss,137,0.050026
Pure KL,exp-tsc-8k-purekl-t1-48h-3L-3.4M-1,Loss,138,0.047635
Pure KL,exp-tsc-8k-purekl-t1-48h-3L-3.4M-1,Loss,139,0.055135
Pure KL,exp-tsc-8k-purekl-t1-48h-3L-3.4M-1,Loss,140,0.049314
Pure KL,exp-tsc-8k-purekl-t1-48h-3L-3.4M-1,Loss,141,0.049251
Pure KL,exp-tsc-8k-purekl-t1-48h-3L-3.4M-1,Loss,142,0.051445
Pure KL,exp-tsc-8k-purekl-t1-48h-3L-3.4M-1,Loss,143,0.050109
Pure KL,exp-tsc-8k-purekl-t1-48h-3L-3.4M-1,Loss,144,0.065091
Pure KL,exp-tsc-8k-purekl-t1-48h-3L-3.4M-1,Loss,145,0.056047
Pure KL,exp-tsc-8k-purekl-t1-48h-3L-3.4M-1,Loss,146,0.042236
Pure KL,exp-tsc-8k-purekl-t1-48h-3L-3.4M-1,Loss,147,0.055543
Pure KL,exp-tsc-8k-purekl-t1-48h-3L-3.4M-1,Loss,148,0.061283
Pure KL,exp-tsc-8k-purekl-t1-48h-3L-3.4M-1,Loss,149,0.057059
Pure KL,exp-tsc-8k-purekl-t1-48h-3L-3.4M-1,Loss,150,0.041275
Pure KL,exp-tsc-8k-purekl-t1-48h-3L-3.4M-1,Loss,151,0.058325
Pure KL,exp-tsc-8k-purekl-t1-48h-3L-3.4M-1,Loss,152,0.053306
Pure KL,exp-tsc-8k-purekl-t1-48h-3L-3.4M-1,Loss,153,0.047737
Pure KL,exp-tsc-8k-purekl-t1-48h-3L-3.4M-1,Loss,154,0.055031
Pure KL,exp-tsc-8k-purekl-t1-48h-3L-3.4M-1,Loss,155,0.044041
Pure KL,exp-tsc-8k-purekl-t1-48h-3L-3.4M-1,Loss,156,0.048821
Pure KL,exp-tsc-8k-purekl-t1-48h-3L-3.4M-1,Loss,157,0.050059
Pure KL,exp-tsc-8k-purekl-t1-48h-3L-3.4M-1,Loss,158,0.039028
Pure KL,exp-tsc-8k-purekl-t1-48h-3L-3.4M-1,Loss,159,0.059643
Pure KL,exp-tsc-8k-purekl-t1-48h-3L-3.4M-1,Loss,160,0.040593
Pure KL,exp-tsc-8k-purekl-t1-48h-3L-3.4M-1,Loss,161,0.039156
Pure KL,exp-tsc-8k-purekl-t1-48h-3L-3.4M-1,Loss,162,0.048715
Pure KL,exp-tsc-8k-purekl-t1-48h-3L-3.4M-1,Loss,163,0.048151
Pure KL,exp-tsc-8k-purekl-t1-48h-3L-3.4M-1,Loss,164,0.053654
Pure KL,exp-tsc-8k-purekl-t1-48h-3L-3.4M-1,Loss,165,0.034534
Pure KL,exp-tsc-8k-purekl-t1-48h-3L-3.4M-1,Loss,166,0.05672
Pure KL,exp-tsc-8k-purekl-t1-48h-3L-3.4M-1,Loss,167,0.048636
Pure KL,exp-tsc-8k-purekl-t1-48h-3L-3.4M-1,Loss,168,0.054588
Pure KL,exp-tsc-8k-purekl-t1-48h-3L-3.4M-1,Loss,169,0.056804
Pure KL,exp-tsc-8k-purekl-t1-48h-3L-3.4M-1,Loss,170,0.069496
Pure KL,exp-tsc-8k-purekl-t1-48h-3L-3.4M-1,Loss,171,0.060649
Pure KL,exp-tsc-8k-purekl-t1-48h-3L-3.4M-1,Loss,172,0.044424
Pure KL,exp-tsc-8k-purekl-t1-48h-3L-3.4M-1,Loss,173,0.047967
Pure KL,exp-tsc-8k-purekl-t1-48h-3L-3.4M-1,Loss,174,0.050989
Pure KL,exp-tsc-8k-purekl-t1-48h-3L-3.4M-1,Loss,175,0.046445
Pure KL,exp-tsc-8k-purekl-t1-48h-3L-3.4M-1,Loss,176,0.068359
Pure KL,exp-tsc-8k-purekl-t1-48h-3L-3.4M-1,Loss,177,0.051181
Pure KL,exp-tsc-8k-purekl-t1-48h-3L-3.4M-1,Loss,178,0.049417
Pure KL,exp-tsc-8k-purekl-t1-48h-3L-3.4M-1,Loss,179,0.057686
Pure KL,exp-tsc-8k-purekl-t1-48h-3L-3.4M-1,Loss,180,0.041652
Pure KL,exp-tsc-8k-purekl-t1-48h-3L-3.4M-1,Loss,181,0.045572
Pure KL,exp-tsc-8k-purekl-t1-48h-3L-3.4M-1,Loss,182,0.049589
Pure KL,exp-tsc-8k-purekl-t1-48h-3L-3.4M-1,Loss,183,0.049429
Pure KL,exp-tsc-8k-purekl-t1-48h-3L-3.4M-1,Loss,184,0.052886
Pure KL,exp-tsc-8k-purekl-t1-48h-3L-3.4M-1,Loss,185,0.050601
Pure KL,exp-tsc-8k-purekl-t1-48h-3L-3.4M-1,Loss,186,0.050971
Pure KL,exp-tsc-8k-purekl-t1-48h-3L-3.4M-1,Loss,187,0.063662
Pure KL,exp-tsc-8k-purekl-t1-48h-3L-3.4M-1,Loss,188,0.046401
Pure KL,exp-tsc-8k-purekl-t1-48h-3L-3.4M-1,Loss,189,0.047346
Pure KL,exp-tsc-8k-purekl-t1-48h-3L-3.4M-1,Loss,190,0.043115
Pure KL,exp-tsc-8k-purekl-t1-48h-3L-3.4M-1,Loss,191,0.04911
Pure KL,exp-tsc-8k-purekl-t1-48h-3L-3.4M-1,Loss,192,0.053015
Pure KL,exp-tsc-8k-purekl-t1-48h-3L-3.4M-1,Loss,193,0.048436
Pure KL,exp-tsc-8k-purekl-t1-48h-3L-3.4M-1,Loss,194,0.051161
Pure KL,exp-tsc-8k-purekl-t1-48h-3L-3.4M-1,Loss,195,0.046974
Pure KL,exp-tsc-8k-purekl-t1-48h-3L-3.4M-1,Loss,196,0.043768
Pure KL,exp-tsc-8k-purekl-t1-48h-3L-3.4M-1,Loss,197,0.048881
Pure KL,exp-tsc-8k-purekl-t1-48h-3L-3.4M-1,Loss,198,0.04344
Pure KL,exp-tsc-8k-purekl-t1-48h-3L-3.4M-1,Loss,199,0.059691
Pure KL,exp-tsc-8k-purekl-t1-48h-3L-3.4M-1,Loss,200,0.041284
Pure KL,exp-tsc-8k-purekl-t1-48h-3L-3.4M-1,Loss,201,0.04676
Pure KL,exp-tsc-8k-purekl-t1-48h-3L-3.4M-1,Loss,202,0.043623
Pure KL,exp-tsc-8k-purekl-t1-48h-3L-3.4M-1,Loss,203,0.046827
Pure KL,exp-tsc-8k-purekl-t1-48h-3L-3.4M-1,Loss,204,0.044878
Pure KL,exp-tsc-8k-purekl-t1-48h-3L-3.4M-1,Loss,205,0.044819
Pure KL,exp-tsc-8k-purekl-t1-48h-3L-3.4M-1,Loss,206,0.037428
Pure KL,exp-tsc-8k-purekl-t1-48h-3L-3.4M-1,Loss,207,0.051012
Pure KL,exp-tsc-8k-purekl-t1-48h-3L-3.4M-1,Loss,208,0.050832
Pure KL,exp-tsc-8k-purekl-t1-48h-3L-3.4M-1,Loss,209,0.052856
Pure KL,exp-tsc-8k-purekl-t1-48h-3L-3.4M-1,Loss,210,0.051865
Pure KL,exp-tsc-8k-purekl-t1-48h-3L-3.4M-1,Loss,211,0.040536
Pure KL,exp-tsc-8k-purekl-t1-48h-3L-3.4M-1,Loss,212,0.046515
Pure KL,exp-tsc-8k-purekl-t1-48h-3L-3.4M-1,Loss,213,0.043798
Pure KL,exp-tsc-8k-purekl-t1-48h-3L-3.4M-1,Loss,214,0.059946
Pure KL,exp-tsc-8k-purekl-t1-48h-3L-3.4M-1,Loss,215,0.042373
Pure KL,exp-tsc-8k-purekl-t1-48h-3L-3.4M-1,Loss,216,0.052754
Pure KL,exp-tsc-8k-purekl-t1-48h-3L-3.4M-1,Loss,217,0.043342
Pure KL,exp-tsc-8k-purekl-t1-48h-3L-3.4M-1,Loss,218,0.052625
Pure KL,exp-tsc-8k-purekl-t1-48h-3L-3.4M-1,Loss,219,0.045239
Pure KL,exp-tsc-8k-purekl-t1-48h-3L-3.4M-1,Loss,220,0.051132
Pure KL,exp-tsc-8k-purekl-t1-48h-3L-3.4M-1,Loss,221,0.056274
Pure KL,exp-tsc-8k-purekl-t1-48h-3L-3.4M-1,Loss,222,0.049864
Pure KL,exp-tsc-8k-purekl-t1-48h-3L-3.4M-1,Loss,223,0.044225
Pure KL,exp-tsc-8k-purekl-t1-48h-3L-3.4M-1,Loss,224,0.06091
Pure KL,exp-tsc-8k-purekl-t1-48h-3L-3.4M-1,Loss,225,0.051327
Pure KL,exp-tsc-8k-purekl-t1-48h-3L-3.4M-1,Loss,226,0.050759
Pure KL,exp-tsc-8k-purekl-t1-48h-3L-3.4M-1,Loss,227,0.042109
Pure KL,exp-tsc-8k-purekl-t1-48h-3L-3.4M-1,Loss,228,0.048366
Pure KL,exp-tsc-8k-purekl-t1-48h-3L-3.4M-1,Loss,229,0.046358
Pure KL,exp-tsc-8k-purekl-t1-48h-3L-3.4M-1,Loss,230,0.045445
Pure KL,exp-tsc-8k-purekl-t1-48h-3L-3.4M-1,Loss,231,0.042281
Pure KL,exp-tsc-8k-purekl-t1-48h-3L-3.4M-1,Loss,232,0.051975
Pure KL,exp-tsc-8k-purekl-t1-48h-3L-3.4M-1,Loss,233,0.043033
Pure KL,exp-tsc-8k-purekl-t1-48h-3L-3.4M-1,Loss,234,0.049067
Pure KL,exp-tsc-8k-purekl-t1-48h-3L-3.4M-1,Loss,235,0.046565
Pure KL,exp-tsc-8k-purekl-t1-48h-3L-3.4M-1,Loss,236,0.051173
Pure KL,exp-tsc-8k-purekl-t1-48h-3L-3.4M-1,Loss,237,0.048057
Pure KL,exp-tsc-8k-purekl-t1-48h-3L-3.4M-1,Loss,238,0.043594
Pure KL,exp-tsc-8k-purekl-t1-48h-3L-3.4M-1,Loss,239,0.051915
Pure KL,exp-tsc-8k-purekl-t1-48h-3L-3.4M-1,Loss,240,0.042291
Pure KL,exp-tsc-8k-purekl-t1-48h-3L-3.4M-1,Loss,241,0.043016
Pure KL,exp-tsc-8k-purekl-t1-48h-3L-3.4M-1,Loss,242,0.053487
Pure KL,exp-tsc-8k-purekl-t1-48h-3L-3.4M-1,Loss,243,0.0416
Pure KL,exp-tsc-8k-purekl-t1-48h-3L-3.4M-1,Loss,244,0.049643
Pure KL,exp-tsc-8k-purekl-t1-48h-3L-3.4M-1,Loss,245,0.049037
Pure KL,exp-tsc-8k-purekl-t1-48h-3L-3.4M-1,Loss,246,0.043711
Pure KL,exp-tsc-8k-purekl-t1-48h-3L-3.4M-1,Loss,247,0.041061
Pure KL,exp-tsc-8k-purekl-t1-48h-3L-3.4M-1,Loss,248,0.045009
Pure KL,exp-tsc-8k-purekl-t1-48h-3L-3.4M-1,Loss,249,0.043214
Pure KL,exp-tsc-8k-purekl-t1-48h-3L-3.4M-1,KL Loss,1,4.408162
Pure KL,exp-tsc-8k-purekl-t1-48h-3L-3.4M-1,KL Loss,2,2.810444
Pure KL,exp-tsc-8k-purekl-t1-48h-3L-3.4M-1,KL Loss,3,2.641161
Pure KL,exp-tsc-8k-purekl-t1-48h-3L-3.4M-1,KL Loss,4,2.432059
Pure KL,exp-tsc-8k-purekl-t1-48h-3L-3.4M-1,KL Loss,5,2.13031
Pure KL,exp-tsc-8k-purekl-t1-48h-3L-3.4M-1,KL Loss,6,1.796123
Pure KL,exp-tsc-8k-purekl-t1-48h-3L-3.4M-1,KL Loss,7,1.482042
Pure KL,exp-tsc-8k-purekl-t1-48h-3L-3.4M-1,KL Loss,8,1.154627
Pure KL,exp-tsc-8k-purekl-t1-48h-3L-3.4M-1,KL Loss,9,0.900682
Pure KL,exp-tsc-8k-purekl-t1-48h-3L-3.4M-1,KL Loss,10,0.715534
Pure KL,exp-tsc-8k-purekl-t1-48h-3L-3.4M-1,KL Loss,11,0.535219
Pure KL,exp-tsc-8k-purekl-t1-48h-3L-3.4M-1,KL Loss,12,0.415173
Pure KL,exp-tsc-8k-purekl-t1-48h-3L-3.4M-1,KL Loss,13,0.321172
Pure KL,exp-tsc-8k-purekl-t1-48h-3L-3.4M-1,KL Loss,14,0.280822
Pure KL,exp-tsc-8k-purekl-t1-48h-3L-3.4M-1,KL Loss,15,0.218802
Pure KL,exp-tsc-8k-purekl-t1-48h-3L-3.4M-1,KL Loss,16,0.175061
Pure KL,exp-tsc-8k-purekl-t1-48h-3L-3.4M-1,KL Loss,17,0.178233
Pure KL,exp-tsc-8k-purekl-t1-48h-3L-3.4M-1,KL Loss,18,0.136014
Pure KL,exp-tsc-8k-purekl-t1-48h-3L-3.4M-1,KL Loss,19,0.151534
Pure KL,exp-tsc-8k-purekl-t1-48h-3L-3.4M-1,KL Loss,20,0.118948
Pure KL,exp-tsc-8k-purekl-t1-48h-3L-3.4M-1,KL Loss,21,0.11508
Pure KL,exp-tsc-8k-purekl-t1-48h-3L-3.4M-1,KL Loss,22,0.158723
Pure KL,exp-tsc-8k-purekl-t1-48h-3L-3.4M-1,KL Loss,23,0.143354
Pure KL,exp-tsc-8k-purekl-t1-48h-3L-3.4M-1,KL Loss,24,0.101533
Pure KL,exp-tsc-8k-purekl-t1-48h-3L-3.4M-1,KL Loss,25,0.127598
Pure KL,exp-tsc-8k-purekl-t1-48h-3L-3.4M-1,KL Loss,26,0.145363
Pure KL,exp-tsc-8k-purekl-t1-48h-3L-3.4M-1,KL Loss,27,0.129525
Pure KL,exp-tsc-8k-purekl-t1-48h-3L-3.4M-1,KL Loss,28,0.12792
Pure KL,exp-tsc-8k-purekl-t1-48h-3L-3.4M-1,KL Loss,29,0.111264
Pure KL,exp-tsc-8k-purekl-t1-48h-3L-3.4M-1,KL Loss,30,0.102018
Pure KL,exp-tsc-8k-purekl-t1-48h-3L-3.4M-1,KL Loss,31,0.081013
Pure KL,exp-tsc-8k-purekl-t1-48h-3L-3.4M-1,KL Loss,32,0.091053
Pure KL,exp-tsc-8k-purekl-t1-48h-3L-3.4M-1,KL Loss,33,0.095283
Pure KL,exp-tsc-8k-purekl-t1-48h-3L-3.4M-1,KL Loss,34,0.095846
Pure KL,exp-tsc-8k-purekl-t1-48h-3L-3.4M-1,KL Loss,35,0.087164
Pure KL,exp-tsc-8k-purekl-t1-48h-3L-3.4M-1,KL Loss,36,0.082571
Pure KL,exp-tsc-8k-purekl-t1-48h-3L-3.4M-1,KL Loss,37,0.119873
Pure KL,exp-tsc-8k-purekl-t1-48h-3L-3.4M-1,KL Loss,38,0.089804
Pure KL,exp-tsc-8k-purekl-t1-48h-3L-3.4M-1,KL Loss,39,0.086162
Pure KL,exp-tsc-8k-purekl-t1-48h-3L-3.4M-1,KL Loss,40,0.08888
Pure KL,exp-tsc-8k-purekl-t1-48h-3L-3.4M-1,KL Loss,41,0.073336
Pure KL,exp-tsc-8k-purekl-t1-48h-3L-3.4M-1,KL Loss,42,0.091312
Pure KL,exp-tsc-8k-purekl-t1-48h-3L-3.4M-1,KL Loss,43,0.08596
Pure KL,exp-tsc-8k-purekl-t1-48h-3L-3.4M-1,KL Loss,44,0.085485
Pure KL,exp-tsc-8k-purekl-t1-48h-3L-3.4M-1,KL Loss,45,0.082142
Pure KL,exp-tsc-8k-purekl-t1-48h-3L-3.4M-1,KL Loss,46,0.065075
Pure KL,exp-tsc-8k-purekl-t1-48h-3L-3.4M-1,KL Loss,47,0.094546
Pure KL,exp-tsc-8k-purekl-t1-48h-3L-3.4M-1,KL Loss,48,0.071495
Pure KL,exp-tsc-8k-purekl-t1-48h-3L-3.4M-1,KL Loss,49,0.075437
Pure KL,exp-tsc-8k-purekl-t1-48h-3L-3.4M-1,KL Loss,50,0.06756
Pure KL,exp-tsc-8k-purekl-t1-48h-3L-3.4M-1,KL Loss,51,0.092226
Pure KL,exp-tsc-8k-purekl-t1-48h-3L-3.4M-1,KL Loss,52,0.090772
Pure KL,exp-tsc-8k-purekl-t1-48h-3L-3.4M-1,KL Loss,53,0.089466
Pure KL,exp-tsc-8k-purekl-t1-48h-3L-3.4M-1,KL Loss,54,0.090602
Pure KL,exp-tsc-8k-purekl-t1-48h-3L-3.4M-1,KL Loss,55,0.085411
Pure KL,exp-tsc-8k-purekl-t1-48h-3L-3.4M-1,KL Loss,56,0.086398
Pure KL,exp-tsc-8k-purekl-t1-48h-3L-3.4M-1,KL Loss,57,0.086312
Pure KL,exp-tsc-8k-purekl-t1-48h-3L-3.4M-1,KL Loss,58,0.072665
Pure KL,exp-tsc-8k-purekl-t1-48h-3L-3.4M-1,KL Loss,59,0.06419
Pure KL,exp-tsc-8k-purekl-t1-48h-3L-3.4M-1,KL Loss,60,0.078294
Pure KL,exp-tsc-8k-purekl-t1-48h-3L-3.4M-1,KL Loss,61,0.088837
Pure KL,exp-tsc-8k-purekl-t1-48h-3L-3.4M-1,KL Loss,62,0.079715
Pure KL,exp-tsc-8k-purekl-t1-48h-3L-3.4M-1,KL Loss,63,0.091572
Pure KL,exp-tsc-8k-purekl-t1-48h-3L-3.4M-1,KL Loss,64,0.057145
Pure KL,exp-tsc-8k-purekl-t1-48h-3L-3.4M-1,KL Loss,65,0.068366
Pure KL,exp-tsc-8k-purekl-t1-48h-3L-3.4M-1,KL Loss,66,0.073315
Pure KL,exp-tsc-8k-purekl-t1-48h-3L-3.4M-1,KL Loss,67,0.063917
Pure KL,exp-tsc-8k-purekl-t1-48h-3L-3.4M-1,KL Loss,68,0.075456
Pure KL,exp-tsc-8k-purekl-t1-48h-3L-3.4M-1,KL Loss,69,0.0735
Pure KL,exp-tsc-8k-purekl-t1-48h-3L-3.4M-1,KL Loss,70,0.068535
Pure KL,exp-tsc-8k-purekl-t1-48h-3L-3.4M-1,KL Loss,71,0.062069
Pure KL,exp-tsc-8k-purekl-t1-48h-3L-3.4M-1,KL Loss,72,0.077224
Pure KL,exp-tsc-8k-purekl-t1-48h-3L-3.4M-1,KL Loss,73,0.068006
Pure KL,exp-tsc-8k-purekl-t1-48h-3L-3.4M-1,KL Loss,74,0.062993
Pure KL,exp-tsc-8k-purekl-t1-48h-3L-3.4M-1,KL Loss,75,0.074448
Pure KL,exp-tsc-8k-purekl-t1-48h-3L-3.4M-1,KL Loss,76,0.057209
Pure KL,exp-tsc-8k-purekl-t1-48h-3L-3.4M-1,KL Loss,77,0.05818
Pure KL,exp-tsc-8k-purekl-t1-48h-3L-3.4M-1,KL Loss,78,0.080481
Pure KL,exp-tsc-8k-purekl-t1-48h-3L-3.4M-1,KL Loss,79,0.071428
Pure KL,exp-tsc-8k-purekl-t1-48h-3L-3.4M-1,KL Loss,80,0.056662
Pure KL,exp-tsc-8k-purekl-t1-48h-3L-3.4M-1,KL Loss,81,0.059791
Pure KL,exp-tsc-8k-purekl-t1-48h-3L-3.4M-1,KL Loss,82,0.06782
Pure KL,exp-tsc-8k-purekl-t1-48h-3L-3.4M-1,KL Loss,83,0.066328
Pure KL,exp-tsc-8k-purekl-t1-48h-3L-3.4M-1,KL Loss,84,0.057375
Pure KL,exp-tsc-8k-purekl-t1-48h-3L-3.4M-1,KL Loss,85,0.060524
Pure KL,exp-tsc-8k-purekl-t1-48h-3L-3.4M-1,KL Loss,86,0.063543
Pure KL,exp-tsc-8k-purekl-t1-48h-3L-3.4M-1,KL Loss,87,0.062662
Pure KL,exp-tsc-8k-purekl-t1-48h-3L-3.4M-1,KL Loss,88,0.054398
Pure KL,exp-tsc-8k-purekl-t1-48h-3L-3.4M-1,KL Loss,89,0.067022
Pure KL,exp-tsc-8k-purekl-t1-48h-3L-3.4M-1,KL Loss,90,0.074216
Pure KL,exp-tsc-8k-purekl-t1-48h-3L-3.4M-1,KL Loss,91,0.060737
Pure KL,exp-tsc-8k-purekl-t1-48h-3L-3.4M-1,KL Loss,92,0.06927
Pure KL,exp-tsc-8k-purekl-t1-48h-3L-3.4M-1,KL Loss,93,0.057851
Pure KL,exp-tsc-8k-purekl-t1-48h-3L-3.4M-1,KL Loss,94,0.054853
Pure KL,exp-tsc-8k-purekl-t1-48h-3L-3.4M-1,KL Loss,95,0.076275
Pure KL,exp-tsc-8k-purekl-t1-48h-3L-3.4M-1,KL Loss,96,0.054768
Pure KL,exp-tsc-8k-purekl-t1-48h-3L-3.4M-1,KL Loss,97,0.061215
Pure KL,exp-tsc-8k-purekl-t1-48h-3L-3.4M-1,KL Loss,98,0.05389
Pure KL,exp-tsc-8k-purekl-t1-48h-3L-3.4M-1,KL Loss,99,0.061025
Pure KL,exp-tsc-8k-purekl-t1-48h-3L-3.4M-1,KL Loss,100,0.060853
Pure KL,exp-tsc-8k-purekl-t1-48h-3L-3.4M-1,KL Loss,101,0.058391
Pure KL,exp-tsc-8k-purekl-t1-48h-3L-3.4M-1,KL Loss,102,0.064115
Pure KL,exp-tsc-8k-purekl-t1-48h-3L-3.4M-1,KL Loss,103,0.05873
Pure KL,exp-tsc-8k-purekl-t1-48h-3L-3.4M-1,KL Loss,104,0.058712
Pure KL,exp-tsc-8k-purekl-t1-48h-3L-3.4M-1,KL Loss,105,0.051429
Pure KL,exp-tsc-8k-purekl-t1-48h-3L-3.4M-1,KL Loss,106,0.058706
Pure KL,exp-tsc-8k-purekl-t1-48h-3L-3.4M-1,KL Loss,107,0.051235
Pure KL,exp-tsc-8k-purekl-t1-48h-3L-3.4M-1,KL Loss,108,0.056106
Pure KL,exp-tsc-8k-purekl-t1-48h-3L-3.4M-1,KL Loss,109,0.058439
Pure KL,exp-tsc-8k-purekl-t1-48h-3L-3.4M-1,KL Loss,110,0.073942
Pure KL,exp-tsc-8k-purekl-t1-48h-3L-3.4M-1,KL Loss,111,0.076928
Pure KL,exp-tsc-8k-purekl-t1-48h-3L-3.4M-1,KL Loss,112,0.056258
Pure KL,exp-tsc-8k-purekl-t1-48h-3L-3.4M-1,KL Loss,113,0.051802
Pure KL,exp-tsc-8k-purekl-t1-48h-3L-3.4M-1,KL Loss,114,0.051688
Pure KL,exp-tsc-8k-purekl-t1-48h-3L-3.4M-1,KL Loss,115,0.05427
Pure KL,exp-tsc-8k-purekl-t1-48h-3L-3.4M-1,KL Loss,116,0.056472
Pure KL,exp-tsc-8k-purekl-t1-48h-3L-3.4M-1,KL Loss,117,0.063276
Pure KL,exp-tsc-8k-purekl-t1-48h-3L-3.4M-1,KL Loss,118,0.0593
Pure KL,exp-tsc-8k-purekl-t1-48h-3L-3.4M-1,KL Loss,119,0.059847
Pure KL,exp-tsc-8k-purekl-t1-48h-3L-3.4M-1,KL Loss,120,0.052166
Pure KL,exp-tsc-8k-purekl-t1-48h-3L-3.4M-1,KL Loss,121,0.067055
Pure KL,exp-tsc-8k-purekl-t1-48h-3L-3.4M-1,KL Loss,122,0.061417
Pure KL,exp-tsc-8k-purekl-t1-48h-3L-3.4M-1,KL Loss,123,0.055258
Pure KL,exp-tsc-8k-purekl-t1-48h-3L-3.4M-1,KL Loss,124,0.058414
Pure KL,exp-tsc-8k-purekl-t1-48h-3L-3.4M-1,KL Loss,125,0.051041
Pure KL,exp-tsc-8k-purekl-t1-48h-3L-3.4M-1,KL Loss,126,0.049791
Pure KL,exp-tsc-8k-purekl-t1-48h-3L-3.4M-1,KL Loss,127,0.06137
Pure KL,exp-tsc-8k-purekl-t1-48h-3L-3.4M-1,KL Loss,128,0.052962
Pure KL,exp-tsc-8k-purekl-t1-48h-3L-3.4M-1,KL Loss,129,0.051047
Pure KL,exp-tsc-8k-purekl-t1-48h-3L-3.4M-1,KL Loss,130,0.045869
Pure KL,exp-tsc-8k-purekl-t1-48h-3L-3.4M-1,KL Loss,131,0.055871
Pure KL,exp-tsc-8k-purekl-t1-48h-3L-3.4M-1,KL Loss,132,0.055669
Pure KL,exp-tsc-8k-purekl-t1-48h-3L-3.4M-1,KL Loss,133,0.059545
Pure KL,exp-tsc-8k-purekl-t1-48h-3L-3.4M-1,KL Loss,134,0.054091
Pure KL,exp-tsc-8k-purekl-t1-48h-3L-3.4M-1,KL Loss,135,0.054297
Pure KL,exp-tsc-8k-purekl-t1-48h-3L-3.4M-1,KL Loss,136,0.074598
Pure KL,exp-tsc-8k-purekl-t1-48h-3L-3.4M-1,KL Loss,137,0.050026
Pure KL,exp-tsc-8k-purekl-t1-48h-3L-3.4M-1,KL Loss,138,0.047635
Pure KL,exp-tsc-8k-purekl-t1-48h-3L-3.4M-1,KL Loss,139,0.055135
Pure KL,exp-tsc-8k-purekl-t1-48h-3L-3.4M-1,KL Loss,140,0.049314
Pure KL,exp-tsc-8k-purekl-t1-48h-3L-3.4M-1,KL Loss,141,0.049251
Pure KL,exp-tsc-8k-purekl-t1-48h-3L-3.4M-1,KL Loss,142,0.051445
Pure KL,exp-tsc-8k-purekl-t1-48h-3L-3.4M-1,KL Loss,143,0.050109
Pure KL,exp-tsc-8k-purekl-t1-48h-3L-3.4M-1,KL Loss,144,0.065091
Pure KL,exp-tsc-8k-purekl-t1-48h-3L-3.4M-1,KL Loss,145,0.056047
Pure KL,exp-tsc-8k-purekl-t1-48h-3L-3.4M-1,KL Loss,146,0.042236
Pure KL,exp-tsc-8k-purekl-t1-48h-3L-3.4M-1,KL Loss,147,0.055543
Pure KL,exp-tsc-8k-purekl-t1-48h-3L-3.4M-1,KL Loss,148,0.061283
Pure KL,exp-tsc-8k-purekl-t1-48h-3L-3.4M-1,KL Loss,149,0.057059
Pure KL,exp-tsc-8k-purekl-t1-48h-3L-3.4M-1,KL Loss,150,0.041275
Pure KL,exp-tsc-8k-purekl-t1-48h-3L-3.4M-1,KL Loss,151,0.058325
Pure KL,exp-tsc-8k-purekl-t1-48h-3L-3.4M-1,KL Loss,152,0.053306
Pure KL,exp-tsc-8k-purekl-t1-48h-3L-3.4M-1,KL Loss,153,0.047737
Pure KL,exp-tsc-8k-purekl-t1-48h-3L-3.4M-1,KL Loss,154,0.055031
Pure KL,exp-tsc-8k-purekl-t1-48h-3L-3.4M-1,KL Loss,155,0.044041
Pure KL,exp-tsc-8k-purekl-t1-48h-3L-3.4M-1,KL Loss,156,0.048821
Pure KL,exp-tsc-8k-purekl-t1-48h-3L-3.4M-1,KL Loss,157,0.050059
Pure KL,exp-tsc-8k-purekl-t1-48h-3L-3.4M-1,KL Loss,158,0.039028
Pure KL,exp-tsc-8k-purekl-t1-48h-3L-3.4M-1,KL Loss,159,0.059643
Pure KL,exp-tsc-8k-purekl-t1-48h-3L-3.4M-1,KL Loss,160,0.040593
Pure KL,exp-tsc-8k-purekl-t1-48h-3L-3.4M-1,KL Loss,161,0.039156
Pure KL,exp-tsc-8k-purekl-t1-48h-3L-3.4M-1,KL Loss,162,0.048715
Pure KL,exp-tsc-8k-purekl-t1-48h-3L-3.4M-1,KL Loss,163,0.048151
Pure KL,exp-tsc-8k-purekl-t1-48h-3L-3.4M-1,KL Loss,164,0.053654
Pure KL,exp-tsc-8k-purekl-t1-48h-3L-3.4M-1,KL Loss,165,0.034534
Pure KL,exp-tsc-8k-purekl-t1-48h-3L-3.4M-1,KL Loss,166,0.05672
Pure KL,exp-tsc-8k-purekl-t1-48h-3L-3.4M-1,KL Loss,167,0.048636
Pure KL,exp-tsc-8k-purekl-t1-48h-3L-3.4M-1,KL Loss,168,0.054588
Pure KL,exp-tsc-8k-purekl-t1-48h-3L-3.4M-1,KL Loss,169,0.056804
Pure KL,exp-tsc-8k-purekl-t1-48h-3L-3.4M-1,KL Loss,170,0.069496
Pure KL,exp-tsc-8k-purekl-t1-48h-3L-3.4M-1,KL Loss,171,0.060649
Pure KL,exp-tsc-8k-purekl-t1-48h-3L-3.4M-1,KL Loss,172,0.044424
Pure KL,exp-tsc-8k-purekl-t1-48h-3L-3.4M-1,KL Loss,173,0.047967
Pure KL,exp-tsc-8k-purekl-t1-48h-3L-3.4M-1,KL Loss,174,0.050989
Pure KL,exp-tsc-8k-purekl-t1-48h-3L-3.4M-1,KL Loss,175,0.046445
Pure KL,exp-tsc-8k-purekl-t1-48h-3L-3.4M-1,KL Loss,176,0.068359
Pure KL,exp-tsc-8k-purekl-t1-48h-3L-3.4M-1,KL Loss,177,0.051181
Pure KL,exp-tsc-8k-purekl-t1-48h-3L-3.4M-1,KL Loss,178,0.049417
Pure KL,exp-tsc-8k-purekl-t1-48h-3L-3.4M-1,KL Loss,179,0.057686
Pure KL,exp-tsc-8k-purekl-t1-48h-3L-3.4M-1,KL Loss,180,0.041652
Pure KL,exp-tsc-8k-purekl-t1-48h-3L-3.4M-1,KL Loss,181,0.045572
Pure KL,exp-tsc-8k-purekl-t1-48h-3L-3.4M-1,KL Loss,182,0.049589
Pure KL,exp-tsc-8k-purekl-t1-48h-3L-3.4M-1,KL Loss,183,0.049429
Pure KL,exp-tsc-8k-purekl-t1-48h-3L-3.4M-1,KL Loss,184,0.052886
Pure KL,exp-tsc-8k-purekl-t1-48h-3L-3.4M-1,KL Loss,185,0.050601
Pure KL,exp-tsc-8k-purekl-t1-48h-3L-3.4M-1,KL Loss,186,0.050971
Pure KL,exp-tsc-8k-purekl-t1-48h-3L-3.4M-1,KL Loss,187,0.063662
Pure KL,exp-tsc-8k-purekl-t1-48h-3L-3.4M-1,KL Loss,188,0.046401
Pure KL,exp-tsc-8k-purekl-t1-48h-3L-3.4M-1,KL Loss,189,0.047346
Pure KL,exp-tsc-8k-purekl-t1-48h-3L-3.4M-1,KL Loss,190,0.043115
Pure KL,exp-tsc-8k-purekl-t1-48h-3L-3.4M-1,KL Loss,191,0.04911
Pure KL,exp-tsc-8k-purekl-t1-48h-3L-3.4M-1,KL Loss,192,0.053015
Pure KL,exp-tsc-8k-purekl-t1-48h-3L-3.4M-1,KL Loss,193,0.048436
Pure KL,exp-tsc-8k-purekl-t1-48h-3L-3.4M-1,KL Loss,194,0.051161
Pure KL,exp-tsc-8k-purekl-t1-48h-3L-3.4M-1,KL Loss,195,0.046974
Pure KL,exp-tsc-8k-purekl-t1-48h-3L-3.4M-1,KL Loss,196,0.043768
Pure KL,exp-tsc-8k-purekl-t1-48h-3L-3.4M-1,KL Loss,197,0.048881
Pure KL,exp-tsc-8k-purekl-t1-48h-3L-3.4M-1,KL Loss,198,0.04344
Pure KL,exp-tsc-8k-purekl-t1-48h-3L-3.4M-1,KL Loss,199,0.059691
Pure KL,exp-tsc-8k-purekl-t1-48h-3L-3.4M-1,KL Loss,200,0.041284
Pure KL,exp-tsc-8k-purekl-t1-48h-3L-3.4M-1,KL Loss,201,0.04676
Pure KL,exp-tsc-8k-purekl-t1-48h-3L-3.4M-1,KL Loss,202,0.043623
Pure KL,exp-tsc-8k-purekl-t1-48h-3L-3.4M-1,KL Loss,203,0.046827
Pure KL,exp-tsc-8k-purekl-t1-48h-3L-3.4M-1,KL Loss,204,0.044878
Pure KL,exp-tsc-8k-purekl-t1-48h-3L-3.4M-1,KL Loss,205,0.044819
Pure KL,exp-tsc-8k-purekl-t1-48h-3L-3.4M-1,KL Loss,206,0.037428
Pure KL,exp-tsc-8k-purekl-t1-48h-3L-3.4M-1,KL Loss,207,0.051012
Pure KL,exp-tsc-8k-purekl-t1-48h-3L-3.4M-1,KL Loss,208,0.050832
Pure KL,exp-tsc-8k-purekl-t1-48h-3L-3.4M-1,KL Loss,209,0.052856
Pure KL,exp-tsc-8k-purekl-t1-48h-3L-3.4M-1,KL Loss,210,0.051865
Pure KL,exp-tsc-8k-purekl-t1-48h-3L-3.4M-1,KL Loss,211,0.040536
Pure KL,exp-tsc-8k-purekl-t1-48h-3L-3.4M-1,KL Loss,212,0.046515
Pure KL,exp-tsc-8k-purekl-t1-48h-3L-3.4M-1,KL Loss,213,0.043798
Pure KL,exp-tsc-8k-purekl-t1-48h-3L-3.4M-1,KL Loss,214,0.059946
Pure KL,exp-tsc-8k-purekl-t1-48h-3L-3.4M-1,KL Loss,215,0.042373
Pure KL,exp-tsc-8k-purekl-t1-48h-3L-3.4M-1,KL Loss,216,0.052754
Pure KL,exp-tsc-8k-purekl-t1-48h-3L-3.4M-1,KL Loss,217,0.043342
Pure KL,exp-tsc-8k-purekl-t1-48h-3L-3.4M-1,KL Loss,218,0.052625
Pure KL,exp-tsc-8k-purekl-t1-48h-3L-3.4M-1,KL Loss,219,0.045239
Pure KL,exp-tsc-8k-purekl-t1-48h-3L-3.4M-1,KL Loss,220,0.051132
Pure KL,exp-tsc-8k-purekl-t1-48h-3L-3.4M-1,KL Loss,221,0.056274
Pure KL,exp-tsc-8k-purekl-t1-48h-3L-3.4M-1,KL Loss,222,0.049864
Pure KL,exp-tsc-8k-purekl-t1-48h-3L-3.4M-1,KL Loss,223,0.044225
Pure KL,exp-tsc-8k-purekl-t1-48h-3L-3.4M-1,KL Loss,224,0.06091
Pure KL,exp-tsc-8k-purekl-t1-48h-3L-3.4M-1,KL Loss,225,0.051327
Pure KL,exp-tsc-8k-purekl-t1-48h-3L-3.4M-1,KL Loss,226,0.050759
Pure KL,exp-tsc-8k-purekl-t1-48h-3L-3.4M-1,KL Loss,227,0.042109
Pure KL,exp-tsc-8k-purekl-t1-48h-3L-3.4M-1,KL Loss,228,0.048366
Pure KL,exp-tsc-8k-purekl-t1-48h-3L-3.4M-1,KL Loss,229,0.046358
Pure KL,exp-tsc-8k-purekl-t1-48h-3L-3.4M-1,KL Loss,230,0.045445
Pure KL,exp-tsc-8k-purekl-t1-48h-3L-3.4M-1,KL Loss,231,0.042281
Pure KL,exp-tsc-8k-purekl-t1-48h-3L-3.4M-1,KL Loss,232,0.051975
Pure KL,exp-tsc-8k-purekl-t1-48h-3L-3.4M-1,KL Loss,233,0.043033
Pure KL,exp-tsc-8k-purekl-t1-48h-3L-3.4M-1,KL Loss,234,0.049067
Pure KL,exp-tsc-8k-purekl-t1-48h-3L-3.4M-1,KL Loss,235,0.046565
Pure KL,exp-tsc-8k-purekl-t1-48h-3L-3.4M-1,KL Loss,236,0.051173
Pure KL,exp-tsc-8k-purekl-t1-48h-3L-3.4M-1,KL Loss,237,0.048057
Pure KL,exp-tsc-8k-purekl-t1-48h-3L-3.4M-1,KL Loss,238,0.043594
Pure KL,exp-tsc-8k-purekl-t1-48h-3L-3.4M-1,KL Loss,239,0.051915
Pure KL,exp-tsc-8k-purekl-t1-48h-3L-3.4M-1,KL Loss,240,0.042291
Pure KL,exp-tsc-8k-purekl-t1-48h-3L-3.4M-1,KL Loss,241,0.043016
Pure KL,exp-tsc-8k-purekl-t1-48h-3L-3.4M-1,KL Loss,242,0.053487
Pure KL,exp-tsc-8k-purekl-t1-48h-3L-3.4M-1,KL Loss,243,0.0416
Pure KL,exp-tsc-8k-purekl-t1-48h-3L-3.4M-1,KL Loss,244,0.049643
Pure KL,exp-tsc-8k-purekl-t1-48h-3L-3.4M-1,KL Loss,245,0.049037
Pure KL,exp-tsc-8k-purekl-t1-48h-3L-3.4M-1,KL Loss,246,0.043711
Pure KL,exp-tsc-8k-purekl-t1-48h-3L-3.4M-1,KL Loss,247,0.041061
Pure KL,exp-tsc-8k-purekl-t1-48h-3L-3.4M-1,KL Loss,248,0.045009
Pure KL,exp-tsc-8k-purekl-t1-48h-3L-3.4M-1,KL Loss,249,0.043214
Pure KL,exp-tsc-8k-purekl-t1-48h-3L-3.4M-1,CE Loss,1,4.423788
Pure KL,exp-tsc-8k-purekl-t1-48h-3L-3.4M-1,CE Loss,2,2.821786
Pure KL,exp-tsc-8k-purekl-t1-48h-3L-3.4M-1,CE Loss,3,2.650372
Pure KL,exp-tsc-8k-purekl-t1-48h-3L-3.4M-1,CE Loss,4,2.439831
Pure KL,exp-tsc-8k-purekl-t1-48h-3L-3.4M-1,CE Loss,5,2.13526
Pure KL,exp-tsc-8k-purekl-t1-48h-3L-3.4M-1,CE Loss,6,1.801842
Pure KL,exp-tsc-8k-purekl-t1-48h-3L-3.4M-1,CE Loss,7,1.484355
Pure KL,exp-tsc-8k-purekl-t1-48h-3L-3.4M-1,CE Loss,8,1.153564
Pure KL,exp-tsc-8k-purekl-t1-48h-3L-3.4M-1,CE Loss,9,0.904207
Pure KL,exp-tsc-8k-purekl-t1-48h-3L-3.4M-1,CE Loss,10,0.721479
Pure KL,exp-tsc-8k-purekl-t1-48h-3L-3.4M-1,CE Loss,11,0.531446
Pure KL,exp-tsc-8k-purekl-t1-48h-3L-3.4M-1,CE Loss,12,0.414485
Pure KL,exp-tsc-8k-purekl-t1-48h-3L-3.4M-1,CE Loss,13,0.326483
Pure KL,exp-tsc-8k-purekl-t1-48h-3L-3.4M-1,CE Loss,14,0.285661
Pure KL,exp-tsc-8k-purekl-t1-48h-3L-3.4M-1,CE Loss,15,0.223941
Pure KL,exp-tsc-8k-purekl-t1-48h-3L-3.4M-1,CE Loss,16,0.186093
Pure KL,exp-tsc-8k-purekl-t1-48h-3L-3.4M-1,CE Loss,17,0.18776
Pure KL,exp-tsc-8k-purekl-t1-48h-3L-3.4M-1,CE Loss,18,0.151537
Pure KL,exp-tsc-8k-purekl-t1-48h-3L-3.4M-1,CE Loss,19,0.169241
Pure KL,exp-tsc-8k-purekl-t1-48h-3L-3.4M-1,CE Loss,20,0.132572
Pure KL,exp-tsc-8k-purekl-t1-48h-3L-3.4M-1,CE Loss,21,0.124594
Pure KL,exp-tsc-8k-purekl-t1-48h-3L-3.4M-1,CE Loss,22,0.163615
Pure KL,exp-tsc-8k-purekl-t1-48h-3L-3.4M-1,CE Loss,23,0.149977
Pure KL,exp-tsc-8k-purekl-t1-48h-3L-3.4M-1,CE Loss,24,0.109033
Pure KL,exp-tsc-8k-purekl-t1-48h-3L-3.4M-1,CE Loss,25,0.139334
Pure KL,exp-tsc-8k-purekl-t1-48h-3L-3.4M-1,CE Loss,26,0.156247
Pure KL,exp-tsc-8k-purekl-t1-48h-3L-3.4M-1,CE Loss,27,0.134468
Pure KL,exp-tsc-8k-purekl-t1-48h-3L-3.4M-1,CE Loss,28,0.140501
Pure KL,exp-tsc-8k-purekl-t1-48h-3L-3.4M-1,CE Loss,29,0.122216
Pure KL,exp-tsc-8k-purekl-t1-48h-3L-3.4M-1,CE Loss,30,0.111715
Pure KL,exp-tsc-8k-purekl-t1-48h-3L-3.4M-1,CE Loss,31,0.096477
Pure KL,exp-tsc-8k-purekl-t1-48h-3L-3.4M-1,CE Loss,32,0.10169
Pure KL,exp-tsc-8k-purekl-t1-48h-3L-3.4M-1,CE Loss,33,0.107334
Pure KL,exp-tsc-8k-purekl-t1-48h-3L-3.4M-1,CE Loss,34,0.105639
Pure KL,exp-tsc-8k-purekl-t1-48h-3L-3.4M-1,CE Loss,35,0.097904
Pure KL,exp-tsc-8k-purekl-t1-48h-3L-3.4M-1,CE Loss,36,0.094342
Pure KL,exp-tsc-8k-purekl-t1-48h-3L-3.4M-1,CE Loss,37,0.13276
Pure KL,exp-tsc-8k-purekl-t1-48h-3L-3.4M-1,CE Loss,38,0.102909
Pure KL,exp-tsc-8k-purekl-t1-48h-3L-3.4M-1,CE Loss,39,0.095111
Pure KL,exp-tsc-8k-purekl-t1-48h-3L-3.4M-1,CE Loss,40,0.100614
Pure KL,exp-tsc-8k-purekl-t1-48h-3L-3.4M-1,CE Loss,41,0.085033
Pure KL,exp-tsc-8k-purekl-t1-48h-3L-3.4M-1,CE Loss,42,0.105133
Pure KL,exp-tsc-8k-purekl-t1-48h-3L-3.4M-1,CE Loss,43,0.094229
Pure KL,exp-tsc-8k-purekl-t1-48h-3L-3.4M-1,CE Loss,44,0.094981
Pure KL,exp-tsc-8k-purekl-t1-48h-3L-3.4M-1,CE Loss,45,0.095655
Pure KL,exp-tsc-8k-purekl-t1-48h-3L-3.4M-1,CE Loss,46,0.077689
Pure KL,exp-tsc-8k-purekl-t1-48h-3L-3.4M-1,CE Loss,47,0.106392
Pure KL,exp-tsc-8k-purekl-t1-48h-3L-3.4M-1,CE Loss,48,0.086853
Pure KL,exp-tsc-8k-purekl-t1-48h-3L-3.4M-1,CE Loss,49,0.087721
Pure KL,exp-tsc-8k-purekl-t1-48h-3L-3.4M-1,CE Loss,50,0.07831
Pure KL,exp-tsc-8k-purekl-t1-48h-3L-3.4M-1,CE Loss,51,0.09967
Pure KL,exp-tsc-8k-purekl-t1-48h-3L-3.4M-1,CE Loss,52,0.101087
Pure KL,exp-tsc-8k-purekl-t1-48h-3L-3.4M-1,CE Loss,53,0.100036
Pure KL,exp-tsc-8k-purekl-t1-48h-3L-3.4M-1,CE Loss,54,0.099173
Pure KL,exp-tsc-8k-purekl-t1-48h-3L-3.4M-1,CE Loss,55,0.094222
Pure KL,exp-tsc-8k-purekl-t1-48h-3L-3.4M-1,CE Loss,56,0.097836
Pure KL,exp-tsc-8k-purekl-t1-48h-3L-3.4M-1,CE Loss,57,0.096356
Pure KL,exp-tsc-8k-purekl-t1-48h-3L-3.4M-1,CE Loss,58,0.085879
Pure KL,exp-tsc-8k-purekl-t1-48h-3L-3.4M-1,CE Loss,59,0.075006
Pure KL,exp-tsc-8k-purekl-t1-48h-3L-3.4M-1,CE Loss,60,0.086304
Pure KL,exp-tsc-8k-purekl-t1-48h-3L-3.4M-1,CE Loss,61,0.100593
Pure KL,exp-tsc-8k-purekl-t1-48h-3L-3.4M-1,CE Loss,62,0.091336
Pure KL,exp-tsc-8k-purekl-t1-48h-3L-3.4M-1,CE Loss,63,0.103763
Pure KL,exp-tsc-8k-purekl-t1-48h-3L-3.4M-1,CE Loss,64,0.071263
Pure KL,exp-tsc-8k-purekl-t1-48h-3L-3.4M-1,CE Loss,65,0.078587
Pure KL,exp-tsc-8k-purekl-t1-48h-3L-3.4M-1,CE Loss,66,0.08619
Pure KL,exp-tsc-8k-purekl-t1-48h-3L-3.4M-1,CE Loss,67,0.077329
Pure KL,exp-tsc-8k-purekl-t1-48h-3L-3.4M-1,CE Loss,68,0.083354
Pure KL,exp-tsc-8k-purekl-t1-48h-3L-3.4M-1,CE Loss,69,0.081209
Pure KL,exp-tsc-8k-purekl-t1-48h-3L-3.4M-1,CE Loss,70,0.080007
Pure KL,exp-tsc-8k-purekl-t1-48h-3L-3.4M-1,CE Loss,71,0.075872
Pure KL,exp-tsc-8k-purekl-t1-48h-3L-3.4M-1,CE Loss,72,0.090214
Pure KL,exp-tsc-8k-purekl-t1-48h-3L-3.4M-1,CE Loss,73,0.082427
Pure KL,exp-tsc-8k-purekl-t1-48h-3L-3.4M-1,CE Loss,74,0.071476
Pure KL,exp-tsc-8k-purekl-t1-48h-3L-3.4M-1,CE Loss,75,0.088236
Pure KL,exp-tsc-8k-purekl-t1-48h-3L-3.4M-1,CE Loss,76,0.067389
Pure KL,exp-tsc-8k-purekl-t1-48h-3L-3.4M-1,CE Loss,77,0.069555
Pure KL,exp-tsc-8k-purekl-t1-48h-3L-3.4M-1,CE Loss,78,0.093601
Pure KL,exp-tsc-8k-purekl-t1-48h-3L-3.4M-1,CE Loss,79,0.082443
Pure KL,exp-tsc-8k-purekl-t1-48h-3L-3.4M-1,CE Loss,80,0.066032
Pure KL,exp-tsc-8k-purekl-t1-48h-3L-3.4M-1,CE Loss,81,0.072312
Pure KL,exp-tsc-8k-purekl-t1-48h-3L-3.4M-1,CE Loss,82,0.079678
Pure KL,exp-tsc-8k-purekl-t1-48h-3L-3.4M-1,CE Loss,83,0.08317
Pure KL,exp-tsc-8k-purekl-t1-48h-3L-3.4M-1,CE Loss,84,0.070701
Pure KL,exp-tsc-8k-purekl-t1-48h-3L-3.4M-1,CE Loss,85,0.076713
Pure KL,exp-tsc-8k-purekl-t1-48h-3L-3.4M-1,CE Loss,86,0.071939
Pure KL,exp-tsc-8k-purekl-t1-48h-3L-3.4M-1,CE Loss,87,0.078493
Pure KL,exp-tsc-8k-purekl-t1-48h-3L-3.4M-1,CE Loss,88,0.067521
Pure KL,exp-tsc-8k-purekl-t1-48h-3L-3.4M-1,CE Loss,89,0.078993
Pure KL,exp-tsc-8k-purekl-t1-48h-3L-3.4M-1,CE Loss,90,0.084954
Pure KL,exp-tsc-8k-purekl-t1-48h-3L-3.4M-1,CE Loss,91,0.073996
Pure KL,exp-tsc-8k-purekl-t1-48h-3L-3.4M-1,CE Loss,92,0.080738
Pure KL,exp-tsc-8k-purekl-t1-48h-3L-3.4M-1,CE Loss,93,0.072999
Pure KL,exp-tsc-8k-purekl-t1-48h-3L-3.4M-1,CE Loss,94,0.067793
Pure KL,exp-tsc-8k-purekl-t1-48h-3L-3.4M-1,CE Loss,95,0.09044
Pure KL,exp-tsc-8k-purekl-t1-48h-3L-3.4M-1,CE Loss,96,0.064191
Pure KL,exp-tsc-8k-purekl-t1-48h-3L-3.4M-1,CE Loss,97,0.07485
Pure KL,exp-tsc-8k-purekl-t1-48h-3L-3.4M-1,CE Loss,98,0.067448
Pure KL,exp-tsc-8k-purekl-t1-48h-3L-3.4M-1,CE Loss,99,0.077741
Pure KL,exp-tsc-8k-purekl-t1-48h-3L-3.4M-1,CE Loss,100,0.071486
Pure KL,exp-tsc-8k-purekl-t1-48h-3L-3.4M-1,CE Loss,101,0.06891
Pure KL,exp-tsc-8k-purekl-t1-48h-3L-3.4M-1,CE Loss,102,0.075675
Pure KL,exp-tsc-8k-purekl-t1-48h-3L-3.4M-1,CE Loss,103,0.069133
Pure KL,exp-tsc-8k-purekl-t1-48h-3L-3.4M-1,CE Loss,104,0.072162
Pure KL,exp-tsc-8k-purekl-t1-48h-3L-3.4M-1,CE Loss,105,0.064562
Pure KL,exp-tsc-8k-purekl-t1-48h-3L-3.4M-1,CE Loss,106,0.068296
Pure KL,exp-tsc-8k-purekl-t1-48h-3L-3.4M-1,CE Loss,107,0.065185
Pure KL,exp-tsc-8k-purekl-t1-48h-3L-3.4M-1,CE Loss,108,0.067717
Pure KL,exp-tsc-8k-purekl-t1-48h-3L-3.4M-1,CE Loss,109,0.074996
Pure KL,exp-tsc-8k-purekl-t1-48h-3L-3.4M-1,CE Loss,110,0.084911
Pure KL,exp-tsc-8k-purekl-t1-48h-3L-3.4M-1,CE Loss,111,0.086111
Pure KL,exp-tsc-8k-purekl-t1-48h-3L-3.4M-1,CE Loss,112,0.066383
Pure KL,exp-tsc-8k-purekl-t1-48h-3L-3.4M-1,CE Loss,113,0.061507
Pure KL,exp-tsc-8k-purekl-t1-48h-3L-3.4M-1,CE Loss,114,0.062889
Pure KL,exp-tsc-8k-purekl-t1-48h-3L-3.4M-1,CE Loss,115,0.065249
Pure KL,exp-tsc-8k-purekl-t1-48h-3L-3.4M-1,CE Loss,116,0.06982
Pure KL,exp-tsc-8k-purekl-t1-48h-3L-3.4M-1,CE Loss,117,0.07364
Pure KL,exp-tsc-8k-purekl-t1-48h-3L-3.4M-1,CE Loss,118,0.073779
Pure KL,exp-tsc-8k-purekl-t1-48h-3L-3.4M-1,CE Loss,119,0.071933
Pure KL,exp-tsc-8k-purekl-t1-48h-3L-3.4M-1,CE Loss,120,0.063532
Pure KL,exp-tsc-8k-purekl-t1-48h-3L-3.4M-1,CE Loss,121,0.077103
Pure KL,exp-tsc-8k-purekl-t1-48h-3L-3.4M-1,CE Loss,122,0.07337
Pure KL,exp-tsc-8k-purekl-t1-48h-3L-3.4M-1,CE Loss,123,0.065662
Pure KL,exp-tsc-8k-purekl-t1-48h-3L-3.4M-1,CE Loss,124,0.071059
Pure KL,exp-tsc-8k-purekl-t1-48h-3L-3.4M-1,CE Loss,125,0.063926
Pure KL,exp-tsc-8k-purekl-t1-48h-3L-3.4M-1,CE Loss,126,0.060909
Pure KL,exp-tsc-8k-purekl-t1-48h-3L-3.4M-1,CE Loss,127,0.074166
Pure KL,exp-tsc-8k-purekl-t1-48h-3L-3.4M-1,CE Loss,128,0.064215
Pure KL,exp-tsc-8k-purekl-t1-48h-3L-3.4M-1,CE Loss,129,0.062663
Pure KL,exp-tsc-8k-purekl-t1-48h-3L-3.4M-1,CE Loss,130,0.058277
Pure KL,exp-tsc-8k-purekl-t1-48h-3L-3.4M-1,CE Loss,131,0.072179
Pure KL,exp-tsc-8k-purekl-t1-48h-3L-3.4M-1,CE Loss,132,0.069985
Pure KL,exp-tsc-8k-purekl-t1-48h-3L-3.4M-1,CE Loss,133,0.075501
Pure KL,exp-tsc-8k-purekl-t1-48h-3L-3.4M-1,CE Loss,134,0.066794
Pure KL,exp-tsc-8k-purekl-t1-48h-3L-3.4M-1,CE Loss,135,0.064033
Pure KL,exp-tsc-8k-purekl-t1-48h-3L-3.4M-1,CE Loss,136,0.090714
Pure KL,exp-tsc-8k-purekl-t1-48h-3L-3.4M-1,CE Loss,137,0.062964
Pure KL,exp-tsc-8k-purekl-t1-48h-3L-3.4M-1,CE Loss,138,0.059636
Pure KL,exp-tsc-8k-purekl-t1-48h-3L-3.4M-1,CE Loss,139,0.065305
Pure KL,exp-tsc-8k-purekl-t1-48h-3L-3.4M-1,CE Loss,140,0.060596
Pure KL,exp-tsc-8k-purekl-t1-48h-3L-3.4M-1,CE Loss,141,0.060376
Pure KL,exp-tsc-8k-purekl-t1-48h-3L-3.4M-1,CE Loss,142,0.062027
Pure KL,exp-tsc-8k-purekl-t1-48h-3L-3.4M-1,CE Loss,143,0.062514
Pure KL,exp-tsc-8k-purekl-t1-48h-3L-3.4M-1,CE Loss,144,0.074991
Pure KL,exp-tsc-8k-purekl-t1-48h-3L-3.4M-1,CE Loss,145,0.071843
Pure KL,exp-tsc-8k-purekl-t1-48h-3L-3.4M-1,CE Loss,146,0.053827
Pure KL,exp-tsc-8k-purekl-t1-48h-3L-3.4M-1,CE Loss,147,0.068326
Pure KL,exp-tsc-8k-purekl-t1-48h-3L-3.4M-1,CE Loss,148,0.076031
Pure KL,exp-tsc-8k-purekl-t1-48h-3L-3.4M-1,CE Loss,149,0.070606
Pure KL,exp-tsc-8k-purekl-t1-48h-3L-3.4M-1,CE Loss,150,0.053579
Pure KL,exp-tsc-8k-purekl-t1-48h-3L-3.4M-1,CE Loss,151,0.069368
Pure KL,exp-tsc-8k-purekl-t1-48h-3L-3.4M-1,CE Loss,152,0.065798
Pure KL,exp-tsc-8k-purekl-t1-48h-3L-3.4M-1,CE Loss,153,0.063208
Pure KL,exp-tsc-8k-purekl-t1-48h-3L-3.4M-1,CE Loss,154,0.06944
Pure KL,exp-tsc-8k-purekl-t1-48h-3L-3.4M-1,CE Loss,155,0.05398
Pure KL,exp-tsc-8k-purekl-t1-48h-3L-3.4M-1,CE Loss,156,0.063988
Pure KL,exp-tsc-8k-purekl-t1-48h-3L-3.4M-1,CE Loss,157,0.060685
Pure KL,exp-tsc-8k-purekl-t1-48h-3L-3.4M-1,CE Loss,158,0.048478
Pure KL,exp-tsc-8k-purekl-t1-48h-3L-3.4M-1,CE Loss,159,0.073534
Pure KL,exp-tsc-8k-purekl-t1-48h-3L-3.4M-1,CE Loss,160,0.050767
Pure KL,exp-tsc-8k-purekl-t1-48h-3L-3.4M-1,CE Loss,161,0.04937
Pure KL,exp-tsc-8k-purekl-t1-48h-3L-3.4M-1,CE Loss,162,0.060394
Pure KL,exp-tsc-8k-purekl-t1-48h-3L-3.4M-1,CE Loss,163,0.061797
Pure KL,exp-tsc-8k-purekl-t1-48h-3L-3.4M-1,CE Loss,164,0.066083
Pure KL,exp-tsc-8k-purekl-t1-48h-3L-3.4M-1,CE Loss,165,0.041496
Pure KL,exp-tsc-8k-purekl-t1-48h-3L-3.4M-1,CE Loss,166,0.071645
Pure KL,exp-tsc-8k-purekl-t1-48h-3L-3.4M-1,CE Loss,167,0.059416
Pure KL,exp-tsc-8k-purekl-t1-48h-3L-3.4M-1,CE Loss,168,0.067406
Pure KL,exp-tsc-8k-purekl-t1-48h-3L-3.4M-1,CE Loss,169,0.06836
Pure KL,exp-tsc-8k-purekl-t1-48h-3L-3.4M-1,CE Loss,170,0.083272
Pure KL,exp-tsc-8k-purekl-t1-48h-3L-3.4M-1,CE Loss,171,0.074442
Pure KL,exp-tsc-8k-purekl-t1-48h-3L-3.4M-1,CE Loss,172,0.056266
Pure KL,exp-tsc-8k-purekl-t1-48h-3L-3.4M-1,CE Loss,173,0.055996
Pure KL,exp-tsc-8k-purekl-t1-48h-3L-3.4M-1,CE Loss,174,0.063471
Pure KL,exp-tsc-8k-purekl-t1-48h-3L-3.4M-1,CE Loss,175,0.058731
Pure KL,exp-tsc-8k-purekl-t1-48h-3L-3.4M-1,CE Loss,176,0.079219
Pure KL,exp-tsc-8k-purekl-t1-48h-3L-3.4M-1,CE Loss,177,0.065119
Pure KL,exp-tsc-8k-purekl-t1-48h-3L-3.4M-1,CE Loss,178,0.061245
Pure KL,exp-tsc-8k-purekl-t1-48h-3L-3.4M-1,CE Loss,179,0.067881
Pure KL,exp-tsc-8k-purekl-t1-48h-3L-3.4M-1,CE Loss,180,0.052304
Pure KL,exp-tsc-8k-purekl-t1-48h-3L-3.4M-1,CE Loss,181,0.057991
Pure KL,exp-tsc-8k-purekl-t1-48h-3L-3.4M-1,CE Loss,182,0.061099
Pure KL,exp-tsc-8k-purekl-t1-48h-3L-3.4M-1,CE Loss,183,0.062176
Pure KL,exp-tsc-8k-purekl-t1-48h-3L-3.4M-1,CE Loss,184,0.065557
Pure KL,exp-tsc-8k-purekl-t1-48h-3L-3.4M-1,CE Loss,185,0.066443
Pure KL,exp-tsc-8k-purekl-t1-48h-3L-3.4M-1,CE Loss,186,0.067829
Pure KL,exp-tsc-8k-purekl-t1-48h-3L-3.4M-1,CE Loss,187,0.076015
Pure KL,exp-tsc-8k-purekl-t1-48h-3L-3.4M-1,CE Loss,188,0.060693
Pure KL,exp-tsc-8k-purekl-t1-48h-3L-3.4M-1,CE Loss,189,0.058003
Pure KL,exp-tsc-8k-purekl-t1-48h-3L-3.4M-1,CE Loss,190,0.053645
Pure KL,exp-tsc-8k-purekl-t1-48h-3L-3.4M-1,CE Loss,191,0.05882
Pure KL,exp-tsc-8k-purekl-t1-48h-3L-3.4M-1,CE Loss,192,0.064027
Pure KL,exp-tsc-8k-purekl-t1-48h-3L-3.4M-1,CE Loss,193,0.062779
Pure KL,exp-tsc-8k-purekl-t1-48h-3L-3.4M-1,CE Loss,194,0.062708
Pure KL,exp-tsc-8k-purekl-t1-48h-3L-3.4M-1,CE Loss,195,0.058935
Pure KL,exp-tsc-8k-purekl-t1-48h-3L-3.4M-1,CE Loss,196,0.054908
Pure KL,exp-tsc-8k-purekl-t1-48h-3L-3.4M-1,CE Loss,197,0.061695
Pure KL,exp-tsc-8k-purekl-t1-48h-3L-3.4M-1,CE Loss,198,0.059398
Pure KL,exp-tsc-8k-purekl-t1-48h-3L-3.4M-1,CE Loss,199,0.069726
Pure KL,exp-tsc-8k-purekl-t1-48h-3L-3.4M-1,CE Loss,200,0.055686
Pure KL,exp-tsc-8k-purekl-t1-48h-3L-3.4M-1,CE Loss,201,0.058581
Pure KL,exp-tsc-8k-purekl-t1-48h-3L-3.4M-1,CE Loss,202,0.054677
Pure KL,exp-tsc-8k-purekl-t1-48h-3L-3.4M-1,CE Loss,203,0.060261
Pure KL,exp-tsc-8k-purekl-t1-48h-3L-3.4M-1,CE Loss,204,0.0584
Pure KL,exp-tsc-8k-purekl-t1-48h-3L-3.4M-1,CE Loss,205,0.056058
Pure KL,exp-tsc-8k-purekl-t1-48h-3L-3.4M-1,CE Loss,206,0.047339
Pure KL,exp-tsc-8k-purekl-t1-48h-3L-3.4M-1,CE Loss,207,0.063273
Pure KL,exp-tsc-8k-purekl-t1-48h-3L-3.4M-1,CE Loss,208,0.064589
Pure KL,exp-tsc-8k-purekl-t1-48h-3L-3.4M-1,CE Loss,209,0.063373
Pure KL,exp-tsc-8k-purekl-t1-48h-3L-3.4M-1,CE Loss,210,0.061935
Pure KL,exp-tsc-8k-purekl-t1-48h-3L-3.4M-1,CE Loss,211,0.049194
Pure KL,exp-tsc-8k-purekl-t1-48h-3L-3.4M-1,CE Loss,212,0.056543
Pure KL,exp-tsc-8k-purekl-t1-48h-3L-3.4M-1,CE Loss,213,0.055661
Pure KL,exp-tsc-8k-purekl-t1-48h-3L-3.4M-1,CE Loss,214,0.071052
Pure KL,exp-tsc-8k-purekl-t1-48h-3L-3.4M-1,CE Loss,215,0.052342
Pure KL,exp-tsc-8k-purekl-t1-48h-3L-3.4M-1,CE Loss,216,0.064602
Pure KL,exp-tsc-8k-purekl-t1-48h-3L-3.4M-1,CE Loss,217,0.056238
Pure KL,exp-tsc-8k-purekl-t1-48h-3L-3.4M-1,CE Loss,218,0.065367
Pure KL,exp-tsc-8k-purekl-t1-48h-3L-3.4M-1,CE Loss,219,0.053003
Pure KL,exp-tsc-8k-purekl-t1-48h-3L-3.4M-1,CE Loss,220,0.06703
Pure KL,exp-tsc-8k-purekl-t1-48h-3L-3.4M-1,CE Loss,221,0.069369
Pure KL,exp-tsc-8k-purekl-t1-48h-3L-3.4M-1,CE Loss,222,0.066205
Pure KL,exp-tsc-8k-purekl-t1-48h-3L-3.4M-1,CE Loss,223,0.055961
Pure KL,exp-tsc-8k-purekl-t1-48h-3L-3.4M-1,CE Loss,224,0.074918
Pure KL,exp-tsc-8k-purekl-t1-48h-3L-3.4M-1,CE Loss,225,0.063325
Pure KL,exp-tsc-8k-purekl-t1-48h-3L-3.4M-1,CE Loss,226,0.062074
Pure KL,exp-tsc-8k-purekl-t1-48h-3L-3.4M-1,CE Loss,227,0.053201
Pure KL,exp-tsc-8k-purekl-t1-48h-3L-3.4M-1,CE Loss,228,0.056654
Pure KL,exp-tsc-8k-purekl-t1-48h-3L-3.4M-1,CE Loss,229,0.058623
Pure KL,exp-tsc-8k-purekl-t1-48h-3L-3.4M-1,CE Loss,230,0.058199
Pure KL,exp-tsc-8k-purekl-t1-48h-3L-3.4M-1,CE Loss,231,0.056815
Pure KL,exp-tsc-8k-purekl-t1-48h-3L-3.4M-1,CE Loss,232,0.066974
Pure KL,exp-tsc-8k-purekl-t1-48h-3L-3.4M-1,CE Loss,233,0.055784
Pure KL,exp-tsc-8k-purekl-t1-48h-3L-3.4M-1,CE Loss,234,0.061011
Pure KL,exp-tsc-8k-purekl-t1-48h-3L-3.4M-1,CE Loss,235,0.057222
Pure KL,exp-tsc-8k-purekl-t1-48h-3L-3.4M-1,CE Loss,236,0.061535
Pure KL,exp-tsc-8k-purekl-t1-48h-3L-3.4M-1,CE Loss,237,0.066386
Pure KL,exp-tsc-8k-purekl-t1-48h-3L-3.4M-1,CE Loss,238,0.055993
Pure KL,exp-tsc-8k-purekl-t1-48h-3L-3.4M-1,CE Loss,239,0.065217
Pure KL,exp-tsc-8k-purekl-t1-48h-3L-3.4M-1,CE Loss,240,0.055713
Pure KL,exp-tsc-8k-purekl-t1-48h-3L-3.4M-1,CE Loss,241,0.055028
Pure KL,exp-tsc-8k-purekl-t1-48h-3L-3.4M-1,CE Loss,242,0.066953
Pure KL,exp-tsc-8k-purekl-t1-48h-3L-3.4M-1,CE Loss,243,0.054712
Pure KL,exp-tsc-8k-purekl-t1-48h-3L-3.4M-1,CE Loss,244,0.062633
Pure KL,exp-tsc-8k-purekl-t1-48h-3L-3.4M-1,CE Loss,245,0.060678
Pure KL,exp-tsc-8k-purekl-t1-48h-3L-3.4M-1,CE Loss,246,0.055635
Pure KL,exp-tsc-8k-purekl-t1-48h-3L-3.4M-1,CE Loss,247,0.052721
Pure KL,exp-tsc-8k-purekl-t1-48h-3L-3.4M-1,CE Loss,248,0.059243
Pure KL,exp-tsc-8k-purekl-t1-48h-3L-3.4M-1,CE Loss,249,0.054229
Pure KL,exp-tsc-8k-purekl-t1-48h-3L-3.4M-1,Accuracy,1,57.65
Pure KL,exp-tsc-8k-purekl-t1-48h-3L-3.4M-1,Accuracy,2,69.56
Pure KL,exp-tsc-8k-purekl-t1-48h-3L-3.4M-1,Accuracy,3,71.43
Pure KL,exp-tsc-8k-purekl-t1-48h-3L-3.4M-1,Accuracy,4,72.16
Pure KL,exp-tsc-8k-purekl-t1-48h-3L-3.4M-1,Accuracy,5,74.66000000000001
Pure KL,exp-tsc-8k-purekl-t1-48h-3L-3.4M-1,Accuracy,6,76.42999999999999
Pure KL,exp-tsc-8k-purekl-t1-48h-3L-3.4M-1,Accuracy,7,79.2
Pure KL,exp-tsc-8k-purekl-t1-48h-3L-3.4M-1,Accuracy,8,81.2
Pure KL,exp-tsc-8k-purekl-t1-48h-3L-3.4M-1,Accuracy,9,82.69999999999999
Pure KL,exp-tsc-8k-purekl-t1-48h-3L-3.4M-1,Accuracy,10,85.67
Pure KL,exp-tsc-8k-purekl-t1-48h-3L-3.4M-1,Accuracy,11,92.67999999999999
Pure KL,exp-tsc-8k-purekl-t1-48h-3L-3.4M-1,Accuracy,12,94.37
Pure KL,exp-tsc-8k-purekl-t1-48h-3L-3.4M-1,Accuracy,13,93.81
Pure KL,exp-tsc-8k-purekl-t1-48h-3L-3.4M-1,Accuracy,14,94.69999999999999
Pure KL,exp-tsc-8k-purekl-t1-48h-3L-3.4M-1,Accuracy,15,94.36
Pure KL,exp-tsc-8k-purekl-t1-48h-3L-3.4M-1,Accuracy,16,96.85000000000001
Pure KL,exp-tsc-8k-purekl-t1-48h-3L-3.4M-1,Accuracy,17,94.77
Pure KL,exp-tsc-8k-purekl-t1-48h-3L-3.4M-1,Accuracy,18,95.88
Pure KL,exp-tsc-8k-purekl-t1-48h-3L-3.4M-1,Accuracy,19,94.94
Pure KL,exp-tsc-8k-purekl-t1-48h-3L-3.4M-1,Accuracy,20,95.41
Pure KL,exp-tsc-8k-purekl-t1-48h-3L-3.4M-1,Accuracy,21,96.14
Pure KL,exp-tsc-8k-purekl-t1-48h-3L-3.4M-1,Accuracy,22,95.26
Pure KL,exp-tsc-8k-purekl-t1-48h-3L-3.4M-1,Accuracy,23,95.42
Pure KL,exp-tsc-8k-purekl-t1-48h-3L-3.4M-1,Accuracy,24,95.58
Pure KL,exp-tsc-8k-purekl-t1-48h-3L-3.4M-1,Accuracy,25,95.25
Pure KL,exp-tsc-8k-purekl-t1-48h-3L-3.4M-1,Accuracy,26,94.37
Pure KL,exp-tsc-8k-purekl-t1-48h-3L-3.4M-1,Accuracy,27,95.89
Pure KL,exp-tsc-8k-purekl-t1-48h-3L-3.4M-1,Accuracy,28,94.85
Pure KL,exp-tsc-8k-purekl-t1-48h-3L-3.4M-1,Accuracy,29,96.61999999999999
Pure KL,exp-tsc-8k-purekl-t1-48h-3L-3.4M-1,Accuracy,30,95.89999999999999
Pure KL,exp-tsc-8k-purekl-t1-48h-3L-3.4M-1,Accuracy,31,96.38
Pure KL,exp-tsc-8k-purekl-t1-48h-3L-3.4M-1,Accuracy,32,97.11
Pure KL,exp-tsc-8k-purekl-t1-48h-3L-3.4M-1,Accuracy,33,96.38
Pure KL,exp-tsc-8k-purekl-t1-48h-3L-3.4M-1,Accuracy,34,96.63000000000001
Pure KL,exp-tsc-8k-purekl-t1-48h-3L-3.4M-1,Accuracy,35,96.06
Pure KL,exp-tsc-8k-purekl-t1-48h-3L-3.4M-1,Accuracy,36,95.81
Pure KL,exp-tsc-8k-purekl-t1-48h-3L-3.4M-1,Accuracy,37,95.49
Pure KL,exp-tsc-8k-purekl-t1-48h-3L-3.4M-1,Accuracy,38,95.89999999999999
Pure KL,exp-tsc-8k-purekl-t1-48h-3L-3.4M-1,Accuracy,39,96.14
Pure KL,exp-tsc-8k-purekl-t1-48h-3L-3.4M-1,Accuracy,40,95.89999999999999
Pure KL,exp-tsc-8k-purekl-t1-48h-3L-3.4M-1,Accuracy,41,97.27
Pure KL,exp-tsc-8k-purekl-t1-48h-3L-3.4M-1,Accuracy,42,95.89
Pure KL,exp-tsc-8k-purekl-t1-48h-3L-3.4M-1,Accuracy,43,95.8
Pure KL,exp-tsc-8k-purekl-t1-48h-3L-3.4M-1,Accuracy,44,96.46000000000001
Pure KL,exp-tsc-8k-purekl-t1-48h-3L-3.4M-1,Accuracy,45,96.28999999999999
Pure KL,exp-tsc-8k-purekl-t1-48h-3L-3.4M-1,Accuracy,46,96.94
Pure KL,exp-tsc-8k-purekl-t1-48h-3L-3.4M-1,Accuracy,47,96.55
Pure KL,exp-tsc-8k-purekl-t1-48h-3L-3.4M-1,Accuracy,48,96.05
Pure KL,exp-tsc-8k-purekl-t1-48h-3L-3.4M-1,Accuracy,49,96.54
Pure KL,exp-tsc-8k-purekl-t1-48h-3L-3.4M-1,Accuracy,50,96.37
Pure KL,exp-tsc-8k-purekl-t1-48h-3L-3.4M-1,Accuracy,51,96.46000000000001
Pure KL,exp-tsc-8k-purekl-t1-48h-3L-3.4M-1,Accuracy,52,96.22
Pure KL,exp-tsc-8k-purekl-t1-48h-3L-3.4M-1,Accuracy,53,96.22
Pure KL,exp-tsc-8k-purekl-t1-48h-3L-3.4M-1,Accuracy,54,95.58
Pure KL,exp-tsc-8k-purekl-t1-48h-3L-3.4M-1,Accuracy,55,96.3
Pure KL,exp-tsc-8k-purekl-t1-48h-3L-3.4M-1,Accuracy,56,96.54
Pure KL,exp-tsc-8k-purekl-t1-48h-3L-3.4M-1,Accuracy,57,96.63000000000001
Pure KL,exp-tsc-8k-purekl-t1-48h-3L-3.4M-1,Accuracy,58,97.18
Pure KL,exp-tsc-8k-purekl-t1-48h-3L-3.4M-1,Accuracy,59,97.50999999999999
Pure KL,exp-tsc-8k-purekl-t1-48h-3L-3.4M-1,Accuracy,60,96.54
Pure KL,exp-tsc-8k-purekl-t1-48h-3L-3.4M-1,Accuracy,61,95.82000000000001
Pure KL,exp-tsc-8k-purekl-t1-48h-3L-3.4M-1,Accuracy,62,96.46000000000001
Pure KL,exp-tsc-8k-purekl-t1-48h-3L-3.4M-1,Accuracy,63,96.14
Pure KL,exp-tsc-8k-purekl-t1-48h-3L-3.4M-1,Accuracy,64,97.59
Pure KL,exp-tsc-8k-purekl-t1-48h-3L-3.4M-1,Accuracy,65,96.61999999999999
Pure KL,exp-tsc-8k-purekl-t1-48h-3L-3.4M-1,Accuracy,66,97.26
Pure KL,exp-tsc-8k-purekl-t1-48h-3L-3.4M-1,Accuracy,67,97.18
Pure KL,exp-tsc-8k-purekl-t1-48h-3L-3.4M-1,Accuracy,68,96.46000000000001
Pure KL,exp-tsc-8k-purekl-t1-48h-3L-3.4M-1,Accuracy,69,96.54
Pure KL,exp-tsc-8k-purekl-t1-48h-3L-3.4M-1,Accuracy,70,96.78
Pure KL,exp-tsc-8k-purekl-t1-48h-3L-3.4M-1,Accuracy,71,97.1
Pure KL,exp-tsc-8k-purekl-t1-48h-3L-3.4M-1,Accuracy,72,95.98
Pure KL,exp-tsc-8k-purekl-t1-48h-3L-3.4M-1,Accuracy,73,95.73
Pure KL,exp-tsc-8k-purekl-t1-48h-3L-3.4M-1,Accuracy,74,97.5
Pure KL,exp-tsc-8k-purekl-t1-48h-3L-3.4M-1,Accuracy,75,96.38
Pure KL,exp-tsc-8k-purekl-t1-48h-3L-3.4M-1,Accuracy,76,97.50999999999999
Pure KL,exp-tsc-8k-purekl-t1-48h-3L-3.4M-1,Accuracy,77,97.35000000000001
Pure KL,exp-tsc-8k-purekl-t1-48h-3L-3.4M-1,Accuracy,78,96.78
Pure KL,exp-tsc-8k-purekl-t1-48h-3L-3.4M-1,Accuracy,79,96.61999999999999
Pure KL,exp-tsc-8k-purekl-t1-48h-3L-3.4M-1,Accuracy,80,97.03
Pure KL,exp-tsc-8k-purekl-t1-48h-3L-3.4M-1,Accuracy,81,96.85000000000001
Pure KL,exp-tsc-8k-purekl-t1-48h-3L-3.4M-1,Accuracy,82,97.11
Pure KL,exp-tsc-8k-purekl-t1-48h-3L-3.4M-1,Accuracy,83,96.46000000000001
Pure KL,exp-tsc-8k-purekl-t1-48h-3L-3.4M-1,Accuracy,84,97.26
Pure KL,exp-tsc-8k-purekl-t1-48h-3L-3.4M-1,Accuracy,85,97.1
Pure KL,exp-tsc-8k-purekl-t1-48h-3L-3.4M-1,Accuracy,86,97.2
Pure KL,exp-tsc-8k-purekl-t1-48h-3L-3.4M-1,Accuracy,87,96.94
Pure KL,exp-tsc-8k-purekl-t1-48h-3L-3.4M-1,Accuracy,88,97.18
Pure KL,exp-tsc-8k-purekl-t1-48h-3L-3.4M-1,Accuracy,89,96.86
Pure KL,exp-tsc-8k-purekl-t1-48h-3L-3.4M-1,Accuracy,90,96.39
Pure KL,exp-tsc-8k-purekl-t1-48h-3L-3.4M-1,Accuracy,91,97.02
Pure KL,exp-tsc-8k-purekl-t1-48h-3L-3.4M-1,Accuracy,92,96.7
Pure KL,exp-tsc-8k-purekl-t1-48h-3L-3.4M-1,Accuracy,93,96.77
Pure KL,exp-tsc-8k-purekl-t1-48h-3L-3.4M-1,Accuracy,94,97.35000000000001
Pure KL,exp-tsc-8k-purekl-t1-48h-3L-3.4M-1,Accuracy,95,96.78999999999999
Pure KL,exp-tsc-8k-purekl-t1-48h-3L-3.4M-1,Accuracy,96,96.78
Pure KL,exp-tsc-8k-purekl-t1-48h-3L-3.4M-1,Accuracy,97,97.02
Pure KL,exp-tsc-8k-purekl-t1-48h-3L-3.4M-1,Accuracy,98,97.11
Pure KL,exp-tsc-8k-purekl-t1-48h-3L-3.4M-1,Accuracy,99,97.11
Pure KL,exp-tsc-8k-purekl-t1-48h-3L-3.4M-1,Accuracy,100,97.1
Pure KL,exp-tsc-8k-purekl-t1-48h-3L-3.4M-1,Accuracy,101,96.93
Pure KL,exp-tsc-8k-purekl-t1-48h-3L-3.4M-1,Accuracy,102,96.53
Pure KL,exp-tsc-8k-purekl-t1-48h-3L-3.4M-1,Accuracy,103,97.27
Pure KL,exp-tsc-8k-purekl-t1-48h-3L-3.4M-1,Accuracy,104,96.93
Pure KL,exp-tsc-8k-purekl-t1-48h-3L-3.4M-1,Accuracy,105,97.67
Pure KL,exp-tsc-8k-purekl-t1-48h-3L-3.4M-1,Accuracy,106,97.1
Pure KL,exp-tsc-8k-purekl-t1-48h-3L-3.4M-1,Accuracy,107,97.67
Pure KL,exp-tsc-8k-purekl-t1-48h-3L-3.4M-1,Accuracy,108,97.11
Pure KL,exp-tsc-8k-purekl-t1-48h-3L-3.4M-1,Accuracy,109,96.53
Pure KL,exp-tsc-8k-purekl-t1-48h-3L-3.4M-1,Accuracy,110,96.61999999999999
Pure KL,exp-tsc-8k-purekl-t1-48h-3L-3.4M-1,Accuracy,111,96.46000000000001
Pure KL,exp-tsc-8k-purekl-t1-48h-3L-3.4M-1,Accuracy,112,97.50999999999999
Pure KL,exp-tsc-8k-purekl-t1-48h-3L-3.4M-1,Accuracy,113,97.75
Pure KL,exp-tsc-8k-purekl-t1-48h-3L-3.4M-1,Accuracy,114,97.26
Pure KL,exp-tsc-8k-purekl-t1-48h-3L-3.4M-1,Accuracy,115,97.43
Pure KL,exp-tsc-8k-purekl-t1-48h-3L-3.4M-1,Accuracy,116,97.99
Pure KL,exp-tsc-8k-purekl-t1-48h-3L-3.4M-1,Accuracy,117,97.1
Pure KL,exp-tsc-8k-purekl-t1-48h-3L-3.4M-1,Accuracy,118,97.1
Pure KL,exp-tsc-8k-purekl-t1-48h-3L-3.4M-1,Accuracy,119,97.34
Pure KL,exp-tsc-8k-purekl-t1-48h-3L-3.4M-1,Accuracy,120,97.50999999999999
Pure KL,exp-tsc-8k-purekl-t1-48h-3L-3.4M-1,Accuracy,121,96.28999999999999
Pure KL,exp-tsc-8k-purekl-t1-48h-3L-3.4M-1,Accuracy,122,96.87
Pure KL,exp-tsc-8k-purekl-t1-48h-3L-3.4M-1,Accuracy,123,97.91
Pure KL,exp-tsc-8k-purekl-t1-48h-3L-3.4M-1,Accuracy,124,97.43
Pure KL,exp-tsc-8k-purekl-t1-48h-3L-3.4M-1,Accuracy,125,97.82
Pure KL,exp-tsc-8k-purekl-t1-48h-3L-3.4M-1,Accuracy,126,97.59
Pure KL,exp-tsc-8k-purekl-t1-48h-3L-3.4M-1,Accuracy,127,97.1
Pure KL,exp-tsc-8k-purekl-t1-48h-3L-3.4M-1,Accuracy,128,97.67
Pure KL,exp-tsc-8k-purekl-t1-48h-3L-3.4M-1,Accuracy,129,97.99
Pure KL,exp-tsc-8k-purekl-t1-48h-3L-3.4M-1,Accuracy,130,97.83
Pure KL,exp-tsc-8k-purekl-t1-48h-3L-3.4M-1,Accuracy,131,97.67
Pure KL,exp-tsc-8k-purekl-t1-48h-3L-3.4M-1,Accuracy,132,97.58
Pure KL,exp-tsc-8k-purekl-t1-48h-3L-3.4M-1,Accuracy,133,97.75
Pure KL,exp-tsc-8k-purekl-t1-48h-3L-3.4M-1,Accuracy,134,97.58
Pure KL,exp-tsc-8k-purekl-t1-48h-3L-3.4M-1,Accuracy,135,97.5
Pure KL,exp-tsc-8k-purekl-t1-48h-3L-3.4M-1,Accuracy,136,97.26
Pure KL,exp-tsc-8k-purekl-t1-48h-3L-3.4M-1,Accuracy,137,97.43
Pure KL,exp-tsc-8k-purekl-t1-48h-3L-3.4M-1,Accuracy,138,97.59
Pure KL,exp-tsc-8k-purekl-t1-48h-3L-3.4M-1,Accuracy,139,97.1
Pure KL,exp-tsc-8k-purekl-t1-48h-3L-3.4M-1,Accuracy,140,97.67
Pure KL,exp-tsc-8k-purekl-t1-48h-3L-3.4M-1,Accuracy,141,97.74000000000001
Pure KL,exp-tsc-8k-purekl-t1-48h-3L-3.4M-1,Accuracy,142,97.74000000000001
Pure KL,exp-tsc-8k-purekl-t1-48h-3L-3.4M-1,Accuracy,143,97.66
Pure KL,exp-tsc-8k-purekl-t1-48h-3L-3.4M-1,Accuracy,144,97.02
Pure KL,exp-tsc-8k-purekl-t1-48h-3L-3.4M-1,Accuracy,145,97.35000000000001
Pure KL,exp-tsc-8k-purekl-t1-48h-3L-3.4M-1,Accuracy,146,98.15
Pure KL,exp-tsc-8k-purekl-t1-48h-3L-3.4M-1,Accuracy,147,97.18
Pure KL,exp-tsc-8k-purekl-t1-48h-3L-3.4M-1,Accuracy,148,97.50999999999999
Pure KL,exp-tsc-8k-purekl-t1-48h-3L-3.4M-1,Accuracy,149,97.35000000000001
Pure KL,exp-tsc-8k-purekl-t1-48h-3L-3.4M-1,Accuracy,150,98.15
Pure KL,exp-tsc-8k-purekl-t1-48h-3L-3.4M-1,Accuracy,151,97.83
Pure KL,exp-tsc-8k-purekl-t1-48h-3L-3.4M-1,Accuracy,152,97.67
Pure KL,exp-tsc-8k-purekl-t1-48h-3L-3.4M-1,Accuracy,153,97.5
Pure KL,exp-tsc-8k-purekl-t1-48h-3L-3.4M-1,Accuracy,154,97.27
Pure KL,exp-tsc-8k-purekl-t1-48h-3L-3.4M-1,Accuracy,155,97.67
Pure KL,exp-tsc-8k-purekl-t1-48h-3L-3.4M-1,Accuracy,156,97.58
Pure KL,exp-tsc-8k-purekl-t1-48h-3L-3.4M-1,Accuracy,157,97.35000000000001
Pure KL,exp-tsc-8k-purekl-t1-48h-3L-3.4M-1,Accuracy,158,98.48
Pure KL,exp-tsc-8k-purekl-t1-48h-3L-3.4M-1,Accuracy,159,97.25
Pure KL,exp-tsc-8k-purekl-t1-48h-3L-3.4M-1,Accuracy,160,98.22999999999999
Pure KL,exp-tsc-8k-purekl-t1-48h-3L-3.4M-1,Accuracy,161,98.15
Pure KL,exp-tsc-8k-purekl-t1-48h-3L-3.4M-1,Accuracy,162,97.75
Pure KL,exp-tsc-8k-purekl-t1-48h-3L-3.4M-1,Accuracy,163,97.58
Pure KL,exp-tsc-8k-purekl-t1-48h-3L-3.4M-1,Accuracy,164,97.03
Pure KL,exp-tsc-8k-purekl-t1-48h-3L-3.4M-1,Accuracy,165,98.88
Pure KL,exp-tsc-8k-purekl-t1-48h-3L-3.4M-1,Accuracy,166,97.26
Pure KL,exp-tsc-8k-purekl-t1-48h-3L-3.4M-1,Accuracy,167,97.91
Pure KL,exp-tsc-8k-purekl-t1-48h-3L-3.4M-1,Accuracy,168,97.91
Pure KL,exp-tsc-8k-purekl-t1-48h-3L-3.4M-1,Accuracy,169,96.93
Pure KL,exp-tsc-8k-purekl-t1-48h-3L-3.4M-1,Accuracy,170,97.26
Pure KL,exp-tsc-8k-purekl-t1-48h-3L-3.4M-1,Accuracy,171,97.50999999999999
Pure KL,exp-tsc-8k-purekl-t1-48h-3L-3.4M-1,Accuracy,172,98.31
Pure KL,exp-tsc-8k-purekl-t1-48h-3L-3.4M-1,Accuracy,173,97.58
Pure KL,exp-tsc-8k-purekl-t1-48h-3L-3.4M-1,Accuracy,174,97.91
Pure KL,exp-tsc-8k-purekl-t1-48h-3L-3.4M-1,Accuracy,175,97.67
Pure KL,exp-tsc-8k-purekl-t1-48h-3L-3.4M-1,Accuracy,176,97.09
Pure KL,exp-tsc-8k-purekl-t1-48h-3L-3.4M-1,Accuracy,177,98.14
Pure KL,exp-tsc-8k-purekl-t1-48h-3L-3.4M-1,Accuracy,178,97.35000000000001
Pure KL,exp-tsc-8k-purekl-t1-48h-3L-3.4M-1,Accuracy,179,97.11
Pure KL,exp-tsc-8k-purekl-t1-48h-3L-3.4M-1,Accuracy,180,98.15
Pure KL,exp-tsc-8k-purekl-t1-48h-3L-3.4M-1,Accuracy,181,97.99
Pure KL,exp-tsc-8k-purekl-t1-48h-3L-3.4M-1,Accuracy,182,98.07000000000001
Pure KL,exp-tsc-8k-purekl-t1-48h-3L-3.4M-1,Accuracy,183,97.91
Pure KL,exp-tsc-8k-purekl-t1-48h-3L-3.4M-1,Accuracy,184,97.59
Pure KL,exp-tsc-8k-purekl-t1-48h-3L-3.4M-1,Accuracy,185,97.58
Pure KL,exp-tsc-8k-purekl-t1-48h-3L-3.4M-1,Accuracy,186,97.35000000000001
Pure KL,exp-tsc-8k-purekl-t1-48h-3L-3.4M-1,Accuracy,187,97.5
Pure KL,exp-tsc-8k-purekl-t1-48h-3L-3.4M-1,Accuracy,188,97.5
Pure KL,exp-tsc-8k-purekl-t1-48h-3L-3.4M-1,Accuracy,189,97.83
Pure KL,exp-tsc-8k-purekl-t1-48h-3L-3.4M-1,Accuracy,190,97.99
Pure KL,exp-tsc-8k-purekl-t1-48h-3L-3.4M-1,Accuracy,191,97.25
Pure KL,exp-tsc-8k-purekl-t1-48h-3L-3.4M-1,Accuracy,192,97.18
Pure KL,exp-tsc-8k-purekl-t1-48h-3L-3.4M-1,Accuracy,193,97.66
Pure KL,exp-tsc-8k-purekl-t1-48h-3L-3.4M-1,Accuracy,194,97.26
Pure KL,exp-tsc-8k-purekl-t1-48h-3L-3.4M-1,Accuracy,195,97.42
Pure KL,exp-tsc-8k-purekl-t1-48h-3L-3.4M-1,Accuracy,196,98.31
Pure KL,exp-tsc-8k-purekl-t1-48h-3L-3.4M-1,Accuracy,197,97.58
Pure KL,exp-tsc-8k-purekl-t1-48h-3L-3.4M-1,Accuracy,198,97.99
Pure KL,exp-tsc-8k-purekl-t1-48h-3L-3.4M-1,Accuracy,199,97.43
Pure KL,exp-tsc-8k-purekl-t1-48h-3L-3.4M-1,Accuracy,200,98.15
Pure KL,exp-tsc-8k-purekl-t1-48h-3L-3.4M-1,Accuracy,201,98.07000000000001
Pure KL,exp-tsc-8k-purekl-t1-48h-3L-3.4M-1,Accuracy,202,97.75
Pure KL,exp-tsc-8k-purekl-t1-48h-3L-3.4M-1,Accuracy,203,97.58
Pure KL,exp-tsc-8k-purekl-t1-48h-3L-3.4M-1,Accuracy,204,97.99
Pure KL,exp-tsc-8k-purekl-t1-48h-3L-3.4M-1,Accuracy,205,98.15
Pure KL,exp-tsc-8k-purekl-t1-48h-3L-3.4M-1,Accuracy,206,98.39
Pure KL,exp-tsc-8k-purekl-t1-48h-3L-3.4M-1,Accuracy,207,97.5
Pure KL,exp-tsc-8k-purekl-t1-48h-3L-3.4M-1,Accuracy,208,97.58
Pure KL,exp-tsc-8k-purekl-t1-48h-3L-3.4M-1,Accuracy,209,97.67
Pure KL,exp-tsc-8k-purekl-t1-48h-3L-3.4M-1,Accuracy,210,97.99
Pure KL,exp-tsc-8k-purekl-t1-48h-3L-3.4M-1,Accuracy,211,98.22999999999999
Pure KL,exp-tsc-8k-purekl-t1-48h-3L-3.4M-1,Accuracy,212,97.59
Pure KL,exp-tsc-8k-purekl-t1-48h-3L-3.4M-1,Accuracy,213,97.26
Pure KL,exp-tsc-8k-purekl-t1-48h-3L-3.4M-1,Accuracy,214,97.18
Pure KL,exp-tsc-8k-purekl-t1-48h-3L-3.4M-1,Accuracy,215,97.67
Pure KL,exp-tsc-8k-purekl-t1-48h-3L-3.4M-1,Accuracy,216,97.42
Pure KL,exp-tsc-8k-purekl-t1-48h-3L-3.4M-1,Accuracy,217,98.07000000000001
Pure KL,exp-tsc-8k-purekl-t1-48h-3L-3.4M-1,Accuracy,218,97.34
Pure KL,exp-tsc-8k-purekl-t1-48h-3L-3.4M-1,Accuracy,219,97.99
Pure KL,exp-tsc-8k-purekl-t1-48h-3L-3.4M-1,Accuracy,220,97.99
Pure KL,exp-tsc-8k-purekl-t1-48h-3L-3.4M-1,Accuracy,221,96.85000000000001
Pure KL,exp-tsc-8k-purekl-t1-48h-3L-3.4M-1,Accuracy,222,97.18
Pure KL,exp-tsc-8k-purekl-t1-48h-3L-3.4M-1,Accuracy,223,97.83
Pure KL,exp-tsc-8k-purekl-t1-48h-3L-3.4M-1,Accuracy,224,97.02
Pure KL,exp-tsc-8k-purekl-t1-48h-3L-3.4M-1,Accuracy,225,97.83
Pure KL,exp-tsc-8k-purekl-t1-48h-3L-3.4M-1,Accuracy,226,97.43
Pure KL,exp-tsc-8k-purekl-t1-48h-3L-3.4M-1,Accuracy,227,98.47
Pure KL,exp-tsc-8k-purekl-t1-48h-3L-3.4M-1,Accuracy,228,97.99
Pure KL,exp-tsc-8k-purekl-t1-48h-3L-3.4M-1,Accuracy,229,97.42
Pure KL,exp-tsc-8k-purekl-t1-48h-3L-3.4M-1,Accuracy,230,97.35000000000001
Pure KL,exp-tsc-8k-purekl-t1-48h-3L-3.4M-1,Accuracy,231,97.34
Pure KL,exp-tsc-8k-purekl-t1-48h-3L-3.4M-1,Accuracy,232,97.33000000000001
Pure KL,exp-tsc-8k-purekl-t1-48h-3L-3.4M-1,Accuracy,233,97.75
Pure KL,exp-tsc-8k-purekl-t1-48h-3L-3.4M-1,Accuracy,234,97.58
Pure KL,exp-tsc-8k-purekl-t1-48h-3L-3.4M-1,Accuracy,235,97.82
Pure KL,exp-tsc-8k-purekl-t1-48h-3L-3.4M-1,Accuracy,236,97.83
Pure KL,exp-tsc-8k-purekl-t1-48h-3L-3.4M-1,Accuracy,237,96.93
Pure KL,exp-tsc-8k-purekl-t1-48h-3L-3.4M-1,Accuracy,238,97.83
Pure KL,exp-tsc-8k-purekl-t1-48h-3L-3.4M-1,Accuracy,239,97.58
Pure KL,exp-tsc-8k-purekl-t1-48h-3L-3.4M-1,Accuracy,240,97.89999999999999
Pure KL,exp-tsc-8k-purekl-t1-48h-3L-3.4M-1,Accuracy,241,97.99
Pure KL,exp-tsc-8k-purekl-t1-48h-3L-3.4M-1,Accuracy,242,97.50999999999999
Pure KL,exp-tsc-8k-purekl-t1-48h-3L-3.4M-1,Accuracy,243,97.99
Pure KL,exp-tsc-8k-purekl-t1-48h-3L-3.4M-1,Accuracy,244,97.5
Pure KL,exp-tsc-8k-purekl-t1-48h-3L-3.4M-1,Accuracy,245,97.83
Pure KL,exp-tsc-8k-purekl-t1-48h-3L-3.4M-1,Accuracy,246,97.59
Pure KL,exp-tsc-8k-purekl-t1-48h-3L-3.4M-1,Accuracy,247,97.91
Pure KL,exp-tsc-8k-purekl-t1-48h-3L-3.4M-1,Accuracy,248,97.58
Pure KL,exp-tsc-8k-purekl-t1-48h-3L-3.4M-1,Accuracy,249,98.22999999999999
KL/CE annealing,exp-tsc-8k-kl99to50-t1-48h-3L-3.4M-1,Loss,1,4.438021
KL/CE annealing,exp-tsc-8k-kl99to50-t1-48h-3L-3.4M-1,Loss,2,2.83415
KL/CE annealing,exp-tsc-8k-kl99to50-t1-48h-3L-3.4M-1,Loss,3,2.651335
KL/CE annealing,exp-tsc-8k-kl99to50-t1-48h-3L-3.4M-1,Loss,4,2.429991
KL/CE annealing,exp-tsc-8k-kl99to50-t1-48h-3L-3.4M-1,Loss,5,2.110856
KL/CE annealing,exp-tsc-8k-kl99to50-t1-48h-3L-3.4M-1,Loss,6,1.76738
KL/CE annealing,exp-tsc-8k-kl99to50-t1-48h-3L-3.4M-1,Loss,7,1.461939
KL/CE annealing,exp-tsc-8k-kl99to50-t1-48h-3L-3.4M-1,Loss,8,1.13604
KL/CE annealing,exp-tsc-8k-kl99to50-t1-48h-3L-3.4M-1,Loss,9,0.887991
KL/CE annealing,exp-tsc-8k-kl99to50-t1-48h-3L-3.4M-1,Loss,10,0.696327
KL/CE annealing,exp-tsc-8k-kl99to50-t1-48h-3L-3.4M-1,Loss,11,0.5437
KL/CE annealing,exp-tsc-8k-kl99to50-t1-48h-3L-3.4M-1,Loss,12,0.419577
KL/CE annealing,exp-tsc-8k-kl99to50-t1-48h-3L-3.4M-1,Loss,13,0.332436
KL/CE annealing,exp-tsc-8k-kl99to50-t1-48h-3L-3.4M-1,Loss,14,0.283616
KL/CE annealing,exp-tsc-8k-kl99to50-t1-48h-3L-3.4M-1,Loss,15,0.229149
KL/CE annealing,exp-tsc-8k-kl99to50-t1-48h-3L-3.4M-1,Loss,16,0.180723
KL/CE annealing,exp-tsc-8k-kl99to50-t1-48h-3L-3.4M-1,Loss,17,0.16624
KL/CE annealing,exp-tsc-8k-kl99to50-t1-48h-3L-3.4M-1,Loss,18,0.169802
KL/CE annealing,exp-tsc-8k-kl99to50-t1-48h-3L-3.4M-1,Loss,19,0.201745
KL/CE annealing,exp-tsc-8k-kl99to50-t1-48h-3L-3.4M-1,Loss,20,0.165399
KL/CE annealing,exp-tsc-8k-kl99to50-t1-48h-3L-3.4M-1,Loss,21,0.147129
KL/CE annealing,exp-tsc-8k-kl99to50-t1-48h-3L-3.4M-1,Loss,22,0.115425
KL/CE annealing,exp-tsc-8k-kl99to50-t1-48h-3L-3.4M-1,Loss,23,0.129131
KL/CE annealing,exp-tsc-8k-kl99to50-t1-48h-3L-3.4M-1,Loss,24,0.107841
KL/CE annealing,exp-tsc-8k-kl99to50-t1-48h-3L-3.4M-1,Loss,25,0.16136
KL/CE annealing,exp-tsc-8k-kl99to50-t1-48h-3L-3.4M-1,Loss,26,0.183396
KL/CE annealing,exp-tsc-8k-kl99to50-t1-48h-3L-3.4M-1,Loss,27,0.131699
KL/CE annealing,exp-tsc-8k-kl99to50-t1-48h-3L-3.4M-1,Loss,28,0.125321
KL/CE annealing,exp-tsc-8k-kl99to50-t1-48h-3L-3.4M-1,Loss,29,0.125904
KL/CE annealing,exp-tsc-8k-kl99to50-t1-48h-3L-3.4M-1,Loss,30,0.113575
KL/CE annealing,exp-tsc-8k-kl99to50-t1-48h-3L-3.4M-1,Loss,31,0.090284
KL/CE annealing,exp-tsc-8k-kl99to50-t1-48h-3L-3.4M-1,Loss,32,0.094704
KL/CE annealing,exp-tsc-8k-kl99to50-t1-48h-3L-3.4M-1,Loss,33,0.099755
KL/CE annealing,exp-tsc-8k-kl99to50-t1-48h-3L-3.4M-1,Loss,34,0.10716
KL/CE annealing,exp-tsc-8k-kl99to50-t1-48h-3L-3.4M-1,Loss,35,0.098366
KL/CE annealing,exp-tsc-8k-kl99to50-t1-48h-3L-3.4M-1,Loss,36,0.083329
KL/CE annealing,exp-tsc-8k-kl99to50-t1-48h-3L-3.4M-1,Loss,37,0.103167
KL/CE annealing,exp-tsc-8k-kl99to50-t1-48h-3L-3.4M-1,Loss,38,0.088541
KL/CE annealing,exp-tsc-8k-kl99to50-t1-48h-3L-3.4M-1,Loss,39,0.090603
KL/CE annealing,exp-tsc-8k-kl99to50-t1-48h-3L-3.4M-1,Loss,40,0.087382
KL/CE annealing,exp-tsc-8k-kl99to50-t1-48h-3L-3.4M-1,Loss,41,0.07151
KL/CE annealing,exp-tsc-8k-kl99to50-t1-48h-3L-3.4M-1,Loss,42,0.090066
KL/CE annealing,exp-tsc-8k-kl99to50-t1-48h-3L-3.4M-1,Loss,43,0.080231
KL/CE annealing,exp-tsc-8k-kl99to50-t1-48h-3L-3.4M-1,Loss,44,0.083552
KL/CE annealing,exp-tsc-8k-kl99to50-t1-48h-3L-3.4M-1,Loss,45,0.088864
KL/CE annealing,exp-tsc-8k-kl99to50-t1-48h-3L-3.4M-1,Loss,46,0.071173
KL/CE annealing,exp-tsc-8k-kl99to50-t1-48h-3L-3.4M-1,Loss,47,0.08727
KL/CE annealing,exp-tsc-8k-kl99to50-t1-48h-3L-3.4M-1,Loss,48,0.07312
KL/CE annealing,exp-tsc-8k-kl99to50-t1-48h-3L-3.4M-1,Loss,49,0.075214
KL/CE annealing,exp-tsc-8k-kl99to50-t1-48h-3L-3.4M-1,Loss,50,0.064869
KL/CE annealing,exp-tsc-8k-kl99to50-t1-48h-3L-3.4M-1,Loss,51,0.0654
KL/CE annealing,exp-tsc-8k-kl99to50-t1-48h-3L-3.4M-1,Loss,52,0.067943
KL/CE annealing,exp-tsc-8k-kl99to50-t1-48h-3L-3.4M-1,Loss,53,0.068456
KL/CE annealing,exp-tsc-8k-kl99to50-t1-48h-3L-3.4M-1,Loss,54,0.060405
KL/CE annealing,exp-tsc-8k-kl99to50-t1-48h-3L-3.4M-1,Loss,55,0.078407
KL/CE annealing,exp-tsc-8k-kl99to50-t1-48h-3L-3.4M-1,Loss,56,0.071941
KL/CE annealing,exp-tsc-8k-kl99to50-t1-48h-3L-3.4M-1,Loss,57,0.065537
KL/CE annealing,exp-tsc-8k-kl99to50-t1-48h-3L-3.4M-1,Loss,58,0.062124
KL/CE annealing,exp-tsc-8k-kl99to50-t1-48h-3L-3.4M-1,Loss,59,0.056798
KL/CE annealing,exp-tsc-8k-kl99to50-t1-48h-3L-3.4M-1,Loss,60,0.069758
KL/CE annealing,exp-tsc-8k-kl99to50-t1-48h-3L-3.4M-1,Loss,61,0.072187
KL/CE annealing,exp-tsc-8k-kl99to50-t1-48h-3L-3.4M-1,Loss,62,0.072754
KL/CE annealing,exp-tsc-8k-kl99to50-t1-48h-3L-3.4M-1,Loss,63,0.069135
KL/CE annealing,exp-tsc-8k-kl99to50-t1-48h-3L-3.4M-1,Loss,64,0.055721
KL/CE annealing,exp-tsc-8k-kl99to50-t1-48h-3L-3.4M-1,Loss,65,0.057752
KL/CE annealing,exp-tsc-8k-kl99to50-t1-48h-3L-3.4M-1,Loss,66,0.079445
KL/CE annealing,exp-tsc-8k-kl99to50-t1-48h-3L-3.4M-1,Loss,67,0.060375
KL/CE annealing,exp-tsc-8k-kl99to50-t1-48h-3L-3.4M-1,Loss,68,0.056358
KL/CE annealing,exp-tsc-8k-kl99to50-t1-48h-3L-3.4M-1,Loss,69,0.073589
KL/CE annealing,exp-tsc-8k-kl99to50-t1-48h-3L-3.4M-1,Loss,70,0.052758
KL/CE annealing,exp-tsc-8k-kl99to50-t1-48h-3L-3.4M-1,Loss,71,0.052164
KL/CE annealing,exp-tsc-8k-kl99to50-t1-48h-3L-3.4M-1,Loss,72,0.06372
KL/CE annealing,exp-tsc-8k-kl99to50-t1-48h-3L-3.4M-1,Loss,73,0.048616
KL/CE annealing,exp-tsc-8k-kl99to50-t1-48h-3L-3.4M-1,Loss,74,0.064421
KL/CE annealing,exp-tsc-8k-kl99to50-t1-48h-3L-3.4M-1,Loss,75,0.070241
KL/CE annealing,exp-tsc-8k-kl99to50-t1-48h-3L-3.4M-1,Loss,76,0.069438
KL/CE annealing,exp-tsc-8k-kl99to50-t1-48h-3L-3.4M-1,Loss,77,0.072746
KL/CE annealing,exp-tsc-8k-kl99to50-t1-48h-3L-3.4M-1,Loss,78,0.082025
KL/CE annealing,exp-tsc-8k-kl99to50-t1-48h-3L-3.4M-1,Loss,79,0.079808
KL/CE annealing,exp-tsc-8k-kl99to50-t1-48h-3L-3.4M-1,Loss,80,0.068637
KL/CE annealing,exp-tsc-8k-kl99to50-t1-48h-3L-3.4M-1,Loss,81,0.07389
KL/CE annealing,exp-tsc-8k-kl99to50-t1-48h-3L-3.4M-1,Loss,82,0.072677
KL/CE annealing,exp-tsc-8k-kl99to50-t1-48h-3L-3.4M-1,Loss,83,0.065169
KL/CE annealing,exp-tsc-8k-kl99to50-t1-48h-3L-3.4M-1,Loss,84,0.06404
KL/CE annealing,exp-tsc-8k-kl99to50-t1-48h-3L-3.4M-1,Loss,85,0.064882
KL/CE annealing,exp-tsc-8k-kl99to50-t1-48h-3L-3.4M-1,Loss,86,0.048881
KL/CE annealing,exp-tsc-8k-kl99to50-t1-48h-3L-3.4M-1,Loss,87,0.057708
KL/CE annealing,exp-tsc-8k-kl99to50-t1-48h-3L-3.4M-1,Loss,88,0.053318
KL/CE annealing,exp-tsc-8k-kl99to50-t1-48h-3L-3.4M-1,Loss,89,0.057325
KL/CE annealing,exp-tsc-8k-kl99to50-t1-48h-3L-3.4M-1,Loss,90,0.070421
KL/CE annealing,exp-tsc-8k-kl99to50-t1-48h-3L-3.4M-1,Loss,91,0.054833
KL/CE annealing,exp-tsc-8k-kl99to50-t1-48h-3L-3.4M-1,Loss,92,0.065794
KL/CE annealing,exp-tsc-8k-kl99to50-t1-48h-3L-3.4M-1,Loss,93,0.052245
KL/CE annealing,exp-tsc-8k-kl99to50-t1-48h-3L-3.4M-1,Loss,94,0.04786
KL/CE annealing,exp-tsc-8k-kl99to50-t1-48h-3L-3.4M-1,Loss,95,0.071579
KL/CE annealing,exp-tsc-8k-kl99to50-t1-48h-3L-3.4M-1,Loss,96,0.058009
KL/CE annealing,exp-tsc-8k-kl99to50-t1-48h-3L-3.4M-1,Loss,97,0.054946
KL/CE annealing,exp-tsc-8k-kl99to50-t1-48h-3L-3.4M-1,Loss,98,0.054235
KL/CE annealing,exp-tsc-8k-kl99to50-t1-48h-3L-3.4M-1,Loss,99,0.056766
KL/CE annealing,exp-tsc-8k-kl99to50-t1-48h-3L-3.4M-1,Loss,100,0.060899
KL/CE annealing,exp-tsc-8k-kl99to50-t1-48h-3L-3.4M-1,Loss,101,0.053582
KL/CE annealing,exp-tsc-8k-kl99to50-t1-48h-3L-3.4M-1,Loss,102,0.058387
KL/CE annealing,exp-tsc-8k-kl99to50-t1-48h-3L-3.4M-1,Loss,103,0.053979
KL/CE annealing,exp-tsc-8k-kl99to50-t1-48h-3L-3.4M-1,Loss,104,0.05571
KL/CE annealing,exp-tsc-8k-kl99to50-t1-48h-3L-3.4M-1,Loss,105,0.052774
KL/CE annealing,exp-tsc-8k-kl99to50-t1-48h-3L-3.4M-1,Loss,106,0.05353
KL/CE annealing,exp-tsc-8k-kl99to50-t1-48h-3L-3.4M-1,Loss,107,0.053096
KL/CE annealing,exp-tsc-8k-kl99to50-t1-48h-3L-3.4M-1,Loss,108,0.053134
KL/CE annealing,exp-tsc-8k-kl99to50-t1-48h-3L-3.4M-1,Loss,109,0.060776
KL/CE annealing,exp-tsc-8k-kl99to50-t1-48h-3L-3.4M-1,Loss,110,0.070392
KL/CE annealing,exp-tsc-8k-kl99to50-t1-48h-3L-3.4M-1,Loss,111,0.068324
KL/CE annealing,exp-tsc-8k-kl99to50-t1-48h-3L-3.4M-1,Loss,112,0.056203
KL/CE annealing,exp-tsc-8k-kl99to50-t1-48h-3L-3.4M-1,Loss,113,0.054382
KL/CE annealing,exp-tsc-8k-kl99to50-t1-48h-3L-3.4M-1,Loss,114,0.054083
KL/CE annealing,exp-tsc-8k-kl99to50-t1-48h-3L-3.4M-1,Loss,115,0.055634
KL/CE annealing,exp-tsc-8k-kl99to50-t1-48h-3L-3.4M-1,Loss,116,0.060715
KL/CE annealing,exp-tsc-8k-kl99to50-t1-48h-3L-3.4M-1,Loss,117,0.062978
KL/CE annealing,exp-tsc-8k-kl99to50-t1-48h-3L-3.4M-1,Loss,118,0.057214
KL/CE annealing,exp-tsc-8k-kl99to50-t1-48h-3L-3.4M-1,Loss,119,0.06279
KL/CE annealing,exp-tsc-8k-kl99to50-t1-48h-3L-3.4M-1,Loss,120,0.054491
KL/CE annealing,exp-tsc-8k-kl99to50-t1-48h-3L-3.4M-1,Loss,121,0.049983
KL/CE annealing,exp-tsc-8k-kl99to50-t1-48h-3L-3.4M-1,Loss,122,0.058762
KL/CE annealing,exp-tsc-8k-kl99to50-t1-48h-3L-3.4M-1,Loss,123,0.055505
KL/CE annealing,exp-tsc-8k-kl99to50-t1-48h-3L-3.4M-1,Loss,124,0.05641
KL/CE annealing,exp-tsc-8k-kl99to50-t1-48h-3L-3.4M-1,Loss,125,0.054045
KL/CE annealing,exp-tsc-8k-kl99to50-t1-48h-3L-3.4M-1,Loss,126,0.051978
KL/CE annealing,exp-tsc-8k-kl99to50-t1-48h-3L-3.4M-1,Loss,127,0.05923
KL/CE annealing,exp-tsc-8k-kl99to50-t1-48h-3L-3.4M-1,Loss,128,0.055872
KL/CE annealing,exp-tsc-8k-kl99to50-t1-48h-3L-3.4M-1,Loss,129,0.052827
KL/CE annealing,exp-tsc-8k-kl99to50-t1-48h-3L-3.4M-1,Loss,130,0.044353
KL/CE annealing,exp-tsc-8k-kl99to50-t1-48h-3L-3.4M-1,Loss,131,0.06491
KL/CE annealing,exp-tsc-8k-kl99to50-t1-48h-3L-3.4M-1,Loss,132,0.058995
KL/CE annealing,exp-tsc-8k-kl99to50-t1-48h-3L-3.4M-1,Loss,133,0.068044
KL/CE annealing,exp-tsc-8k-kl99to50-t1-48h-3L-3.4M-1,Loss,134,0.061639
KL/CE annealing,exp-tsc-8k-kl99to50-t1-48h-3L-3.4M-1,Loss,135,0.055874
KL/CE annealing,exp-tsc-8k-kl99to50-t1-48h-3L-3.4M-1,Loss,136,0.076562
KL/CE annealing,exp-tsc-8k-kl99to50-t1-48h-3L-3.4M-1,Loss,137,0.049781
KL/CE annealing,exp-tsc-8k-kl99to50-t1-48h-3L-3.4M-1,Loss,138,0.048209
KL/CE annealing,exp-tsc-8k-kl99to50-t1-48h-3L-3.4M-1,Loss,139,0.05328
KL/CE annealing,exp-tsc-8k-kl99to50-t1-48h-3L-3.4M-1,Loss,140,0.055949
KL/CE annealing,exp-tsc-8k-kl99to50-t1-48h-3L-3.4M-1,Loss,141,0.051568
KL/CE annealing,exp-tsc-8k-kl99to50-t1-48h-3L-3.4M-1,Loss,142,0.051348
KL/CE annealing,exp-tsc-8k-kl99to50-t1-48h-3L-3.4M-1,Loss,143,0.057382
KL/CE annealing,exp-tsc-8k-kl99to50-t1-48h-3L-3.4M-1,Loss,144,0.057559
KL/CE annealing,exp-tsc-8k-kl99to50-t1-48h-3L-3.4M-1,Loss,145,0.058863
KL/CE annealing,exp-tsc-8k-kl99to50-t1-48h-3L-3.4M-1,Loss,146,0.047562
KL/CE annealing,exp-tsc-8k-kl99to50-t1-48h-3L-3.4M-1,Loss,147,0.054223
KL/CE annealing,exp-tsc-8k-kl99to50-t1-48h-3L-3.4M-1,Loss,148,0.064824
KL/CE annealing,exp-tsc-8k-kl99to50-t1-48h-3L-3.4M-1,Loss,149,0.062221
KL/CE annealing,exp-tsc-8k-kl99to50-t1-48h-3L-3.4M-1,Loss,150,0.044711
KL/CE annealing,exp-tsc-8k-kl99to50-t1-48h-3L-3.4M-1,Loss,151,0.065483
KL/CE annealing,exp-tsc-8k-kl99to50-t1-48h-3L-3.4M-1,Loss,152,0.055962
KL/CE annealing,exp-tsc-8k-kl99to50-t1-48h-3L-3.4M-1,Loss,153,0.052405
KL/CE annealing,exp-tsc-8k-kl99to50-t1-48h-3L-3.4M-1,Loss,154,0.063072
KL/CE annealing,exp-tsc-8k-kl99to50-t1-48h-3L-3.4M-1,Loss,155,0.052011
KL/CE annealing,exp-tsc-8k-kl99to50-t1-48h-3L-3.4M-1,Loss,156,0.055625
KL/CE annealing,exp-tsc-8k-kl99to50-t1-48h-3L-3.4M-1,Loss,157,0.053087
KL/CE annealing,exp-tsc-8k-kl99to50-t1-48h-3L-3.4M-1,Loss,158,0.042221
KL/CE annealing,exp-tsc-8k-kl99to50-t1-48h-3L-3.4M-1,Loss,159,0.058951
KL/CE annealing,exp-tsc-8k-kl99to50-t1-48h-3L-3.4M-1,Loss,160,0.040733
KL/CE annealing,exp-tsc-8k-kl99to50-t1-48h-3L-3.4M-1,Loss,161,0.042614
KL/CE annealing,exp-tsc-8k-kl99to50-t1-48h-3L-3.4M-1,Loss,162,0.050368
KL/CE annealing,exp-tsc-8k-kl99to50-t1-48h-3L-3.4M-1,Loss,163,0.053141
KL/CE annealing,exp-tsc-8k-kl99to50-t1-48h-3L-3.4M-1,Loss,164,0.05749
KL/CE annealing,exp-tsc-8k-kl99to50-t1-48h-3L-3.4M-1,Loss,165,0.037239
KL/CE annealing,exp-tsc-8k-kl99to50-t1-48h-3L-3.4M-1,Loss,166,0.061315
KL/CE annealing,exp-tsc-8k-kl99to50-t1-48h-3L-3.4M-1,Loss,167,0.048099
KL/CE annealing,exp-tsc-8k-kl99to50-t1-48h-3L-3.4M-1,Loss,168,0.059167
KL/CE annealing,exp-tsc-8k-kl99to50-t1-48h-3L-3.4M-1,Loss,169,0.060282
KL/CE annealing,exp-tsc-8k-kl99to50-t1-48h-3L-3.4M-1,Loss,170,0.072078
KL/CE annealing,exp-tsc-8k-kl99to50-t1-48h-3L-3.4M-1,Loss,171,0.066869
KL/CE annealing,exp-tsc-8k-kl99to50-t1-48h-3L-3.4M-1,Loss,172,0.045036
KL/CE annealing,exp-tsc-8k-kl99to50-t1-48h-3L-3.4M-1,Loss,173,0.0518
KL/CE annealing,exp-tsc-8k-kl99to50-t1-48h-3L-3.4M-1,Loss,174,0.056429
KL/CE annealing,exp-tsc-8k-kl99to50-t1-48h-3L-3.4M-1,Loss,175,0.05516
KL/CE annealing,exp-tsc-8k-kl99to50-t1-48h-3L-3.4M-1,Loss,176,0.075145
KL/CE annealing,exp-tsc-8k-kl99to50-t1-48h-3L-3.4M-1,Loss,177,0.061532
KL/CE annealing,exp-tsc-8k-kl99to50-t1-48h-3L-3.4M-1,Loss,178,0.053475
KL/CE annealing,exp-tsc-8k-kl99to50-t1-48h-3L-3.4M-1,Loss,179,0.058156
KL/CE annealing,exp-tsc-8k-kl99to50-t1-48h-3L-3.4M-1,Loss,180,0.044586
KL/CE annealing,exp-tsc-8k-kl99to50-t1-48h-3L-3.4M-1,Loss,181,0.050191
KL/CE annealing,exp-tsc-8k-kl99to50-t1-48h-3L-3.4M-1,Loss,182,0.050592
KL/CE annealing,exp-tsc-8k-kl99to50-t1-48h-3L-3.4M-1,Loss,183,0.054474
KL/CE annealing,exp-tsc-8k-kl99to50-t1-48h-3L-3.4M-1,Loss,184,0.057122
KL/CE annealing,exp-tsc-8k-kl99to50-t1-48h-3L-3.4M-1,Loss,185,0.056957
KL/CE annealing,exp-tsc-8k-kl99to50-t1-48h-3L-3.4M-1,Loss,186,0.058663
KL/CE annealing,exp-tsc-8k-kl99to50-t1-48h-3L-3.4M-1,Loss,187,0.063245
KL/CE annealing,exp-tsc-8k-kl99to50-t1-48h-3L-3.4M-1,Loss,188,0.049589
KL/CE annealing,exp-tsc-8k-kl99to50-t1-48h-3L-3.4M-1,Loss,189,0.049564
KL/CE annealing,exp-tsc-8k-kl99to50-t1-48h-3L-3.4M-1,Loss,190,0.047852
KL/CE annealing,exp-tsc-8k-kl99to50-t1-48h-3L-3.4M-1,Loss,191,0.056282
KL/CE annealing,exp-tsc-8k-kl99to50-t1-48h-3L-3.4M-1,Loss,192,0.056285
KL/CE annealing,exp-tsc-8k-kl99to50-t1-48h-3L-3.4M-1,Loss,193,0.056189
KL/CE annealing,exp-tsc-8k-kl99to50-t1-48h-3L-3.4M-1,Loss,194,0.056209
KL/CE annealing,exp-tsc-8k-kl99to50-t1-48h-3L-3.4M-1,Loss,195,0.052826
KL/CE annealing,exp-tsc-8k-kl99to50-t1-48h-3L-3.4M-1,Loss,196,0.046942
KL/CE annealing,exp-tsc-8k-kl99to50-t1-48h-3L-3.4M-1,Loss,197,0.052417
KL/CE annealing,exp-tsc-8k-kl99to50-t1-48h-3L-3.4M-1,Loss,198,0.04804
KL/CE annealing,exp-tsc-8k-kl99to50-t1-48h-3L-3.4M-1,Loss,199,0.062133
KL/CE annealing,exp-tsc-8k-kl99to50-t1-48h-3L-3.4M-1,Loss,200,0.047744
KL/CE annealing,exp-tsc-8k-kl99to50-t1-48h-3L-3.4M-1,Loss,201,0.05403
KL/CE annealing,exp-tsc-8k-kl99to50-t1-48h-3L-3.4M-1,Loss,202,0.045102
KL/CE annealing,exp-tsc-8k-kl99to50-t1-48h-3L-3.4M-1,Loss,203,0.049056
KL/CE annealing,exp-tsc-8k-kl99to50-t1-48h-3L-3.4M-1,Loss,204,0.049381
KL/CE annealing,exp-tsc-8k-kl99to50-t1-48h-3L-3.4M-1,Loss,205,0.050388
KL/CE annealing,exp-tsc-8k-kl99to50-t1-48h-3L-3.4M-1,Loss,206,0.042187
KL/CE annealing,exp-tsc-8k-kl99to50-t1-48h-3L-3.4M-1,Loss,207,0.056578
KL/CE annealing,exp-tsc-8k-kl99to50-t1-48h-3L-3.4M-1,Loss,208,0.057391
KL/CE annealing,exp-tsc-8k-kl99to50-t1-48h-3L-3.4M-1,Loss,209,0.056701
KL/CE annealing,exp-tsc-8k-kl99to50-t1-48h-3L-3.4M-1,Loss,210,0.054285
KL/CE annealing,exp-tsc-8k-kl99to50-t1-48h-3L-3.4M-1,Loss,211,0.045475
KL/CE annealing,exp-tsc-8k-kl99to50-t1-48h-3L-3.4M-1,Loss,212,0.054438
KL/CE annealing,exp-tsc-8k-kl99to50-t1-48h-3L-3.4M-1,Loss,213,0.046917
KL/CE annealing,exp-tsc-8k-kl99to50-t1-48h-3L-3.4M-1,Loss,214,0.064407
KL/CE annealing,exp-tsc-8k-kl99to50-t1-48h-3L-3.4M-1,Loss,215,0.044326
KL/CE annealing,exp-tsc-8k-kl99to50-t1-48h-3L-3.4M-1,Loss,216,0.058271
KL/CE annealing,exp-tsc-8k-kl99to50-t1-48h-3L-3.4M-1,Loss,217,0.046465
KL/CE annealing,exp-tsc-8k-kl99to50-t1-48h-3L-3.4M-1,Loss,218,0.053587
KL/CE annealing,exp-tsc-8k-kl99to50-t1-48h-3L-3.4M-1,Loss,219,0.051213
KL/CE annealing,exp-tsc-8k-kl99to50-t1-48h-3L-3.4M-1,Loss,220,0.054382
KL/CE annealing,exp-tsc-8k-kl99to50-t1-48h-3L-3.4M-1,Loss,221,0.058622
KL/CE annealing,exp-tsc-8k-kl99to50-t1-48h-3L-3.4M-1,Loss,222,0.05459
KL/CE annealing,exp-tsc-8k-kl99to50-t1-48h-3L-3.4M-1,Loss,223,0.045194
KL/CE annealing,exp-tsc-8k-kl99to50-t1-48h-3L-3.4M-1,Loss,224,0.063724
KL/CE annealing,exp-tsc-8k-kl99to50-t1-48h-3L-3.4M-1,Loss,225,0.052053
KL/CE annealing,exp-tsc-8k-kl99to50-t1-48h-3L-3.4M-1,Loss,226,0.05457
KL/CE annealing,exp-tsc-8k-kl99to50-t1-48h-3L-3.4M-1,Loss,227,0.043877
KL/CE annealing,exp-tsc-8k-kl99to50-t1-48h-3L-3.4M-1,Loss,228,0.05523
KL/CE annealing,exp-tsc-8k-kl99to50-t1-48h-3L-3.4M-1,Loss,229,0.050191
KL/CE annealing,exp-tsc-8k-kl99to50-t1-48h-3L-3.4M-1,Loss,230,0.051286
KL/CE annealing,exp-tsc-8k-kl99to50-t1-48h-3L-3.4M-1,Loss,231,0.049849
KL/CE annealing,exp-tsc-8k-kl99to50-t1-48h-3L-3.4M-1,Loss,232,0.058455
KL/CE annealing,exp-tsc-8k-kl99to50-t1-48h-3L-3.4M-1,Loss,233,0.050607
KL/CE annealing,exp-tsc-8k-kl99to50-t1-48h-3L-3.4M-1,Loss,234,0.053183
KL/CE annealing,exp-tsc-8k-kl99to50-t1-48h-3L-3.4M-1,Loss,235,0.052072
KL/CE annealing,exp-tsc-8k-kl99to50-t1-48h-3L-3.4M-1,Loss,236,0.048843
KL/CE annealing,exp-tsc-8k-kl99to50-t1-48h-3L-3.4M-1,Loss,237,0.058068
KL/CE annealing,exp-tsc-8k-kl99to50-t1-48h-3L-3.4M-1,Loss,238,0.047994
KL/CE annealing,exp-tsc-8k-kl99to50-t1-48h-3L-3.4M-1,Loss,239,0.062342
KL/CE annealing,exp-tsc-8k-kl99to50-t1-48h-3L-3.4M-1,Loss,240,0.047767
KL/CE annealing,exp-tsc-8k-kl99to50-t1-48h-3L-3.4M-1,Loss,241,0.049831
KL/CE annealing,exp-tsc-8k-kl99to50-t1-48h-3L-3.4M-1,Loss,242,0.059657
KL/CE annealing,exp-tsc-8k-kl99to50-t1-48h-3L-3.4M-1,Loss,243,0.045229
KL/CE annealing,exp-tsc-8k-kl99to50-t1-48h-3L-3.4M-1,Loss,244,0.050266
KL/CE annealing,exp-tsc-8k-kl99to50-t1-48h-3L-3.4M-1,Loss,245,0.056379
KL/CE annealing,exp-tsc-8k-kl99to50-t1-48h-3L-3.4M-1,Loss,246,0.048543
KL/CE annealing,exp-tsc-8k-kl99to50-t1-48h-3L-3.4M-1,Loss,247,0.046245
KL/CE annealing,exp-tsc-8k-kl99to50-t1-48h-3L-3.4M-1,Loss,248,0.050785
KL/CE annealing,exp-tsc-8k-kl99to50-t1-48h-3L-3.4M-1,Loss,249,0.047313
KL/CE annealing,exp-tsc-8k-kl99to50-t1-48h-3L-3.4M-1,KL Loss,1,4.437863
KL/CE annealing,exp-tsc-8k-kl99to50-t1-48h-3L-3.4M-1,KL Loss,2,2.834033
KL/CE annealing,exp-tsc-8k-kl99to50-t1-48h-3L-3.4M-1,KL Loss,3,2.651236
KL/CE annealing,exp-tsc-8k-kl99to50-t1-48h-3L-3.4M-1,KL Loss,4,2.429907
KL/CE annealing,exp-tsc-8k-kl99to50-t1-48h-3L-3.4M-1,KL Loss,5,2.110802
KL/CE annealing,exp-tsc-8k-kl99to50-t1-48h-3L-3.4M-1,KL Loss,6,1.767323
KL/CE annealing,exp-tsc-8k-kl99to50-t1-48h-3L-3.4M-1,KL Loss,7,1.461918
KL/CE annealing,exp-tsc-8k-kl99to50-t1-48h-3L-3.4M-1,KL Loss,8,1.136056
KL/CE annealing,exp-tsc-8k-kl99to50-t1-48h-3L-3.4M-1,KL Loss,9,0.887966
KL/CE annealing,exp-tsc-8k-kl99to50-t1-48h-3L-3.4M-1,KL Loss,10,0.696289
KL/CE annealing,exp-tsc-8k-kl99to50-t1-48h-3L-3.4M-1,KL Loss,11,0.543749
KL/CE annealing,exp-tsc-8k-kl99to50-t1-48h-3L-3.4M-1,KL Loss,12,0.419583
KL/CE annealing,exp-tsc-8k-kl99to50-t1-48h-3L-3.4M-1,KL Loss,13,0.332372
KL/CE annealing,exp-tsc-8k-kl99to50-t1-48h-3L-3.4M-1,KL Loss,14,0.283547
KL/CE annealing,exp-tsc-8k-kl99to50-t1-48h-3L-3.4M-1,KL Loss,15,0.22909
KL/CE annealing,exp-tsc-8k-kl99to50-t1-48h-3L-3.4M-1,KL Loss,16,0.180565
KL/CE annealing,exp-tsc-8k-kl99to50-t1-48h-3L-3.4M-1,KL Loss,17,0.166087
KL/CE annealing,exp-tsc-8k-kl99to50-t1-48h-3L-3.4M-1,KL Loss,18,0.16957
KL/CE annealing,exp-tsc-8k-kl99to50-t1-48h-3L-3.4M-1,KL Loss,19,0.201506
KL/CE annealing,exp-tsc-8k-kl99to50-t1-48h-3L-3.4M-1,KL Loss,20,0.165151
KL/CE annealing,exp-tsc-8k-kl99to50-t1-48h-3L-3.4M-1,KL Loss,21,0.147004
KL/CE annealing,exp-tsc-8k-kl99to50-t1-48h-3L-3.4M-1,KL Loss,22,0.115265
KL/CE annealing,exp-tsc-8k-kl99to50-t1-48h-3L-3.4M-1,KL Loss,23,0.12898
KL/CE annealing,exp-tsc-8k-kl99to50-t1-48h-3L-3.4M-1,KL Loss,24,0.10769
KL/CE annealing,exp-tsc-8k-kl99to50-t1-48h-3L-3.4M-1,KL Loss,25,0.161113
KL/CE annealing,exp-tsc-8k-kl99to50-t1-48h-3L-3.4M-1,KL Loss,26,0.183145
KL/CE annealing,exp-tsc-8k-kl99to50-t1-48h-3L-3.4M-1,KL Loss,27,0.131516
KL/CE annealing,exp-tsc-8k-kl99to50-t1-48h-3L-3.4M-1,KL Loss,28,0.125027
KL/CE annealing,exp-tsc-8k-kl99to50-t1-48h-3L-3.4M-1,KL Loss,29,0.125606
KL/CE annealing,exp-tsc-8k-kl99to50-t1-48h-3L-3.4M-1,KL Loss,30,0.113362
KL/CE annealing,exp-tsc-8k-kl99to50-t1-48h-3L-3.4M-1,KL Loss,31,0.089898
KL/CE annealing,exp-tsc-8k-kl99to50-t1-48h-3L-3.4M-1,KL Loss,32,0.094418
KL/CE annealing,exp-tsc-8k-kl99to50-t1-48h-3L-3.4M-1,KL Loss,33,0.099398
KL/CE annealing,exp-tsc-8k-kl99to50-t1-48h-3L-3.4M-1,KL Loss,34,0.106861
KL/CE annealing,exp-tsc-8k-kl99to50-t1-48h-3L-3.4M-1,KL Loss,35,0.098006
KL/CE annealing,exp-tsc-8k-kl99to50-t1-48h-3L-3.4M-1,KL Loss,36,0.082928
KL/CE annealing,exp-tsc-8k-kl99to50-t1-48h-3L-3.4M-1,KL Loss,37,0.102657
KL/CE annealing,exp-tsc-8k-kl99to50-t1-48h-3L-3.4M-1,KL Loss,38,0.088098
KL/CE annealing,exp-tsc-8k-kl99to50-t1-48h-3L-3.4M-1,KL Loss,39,0.090288
KL/CE annealing,exp-tsc-8k-kl99to50-t1-48h-3L-3.4M-1,KL Loss,40,0.086886
KL/CE annealing,exp-tsc-8k-kl99to50-t1-48h-3L-3.4M-1,KL Loss,41,0.071052
KL/CE annealing,exp-tsc-8k-kl99to50-t1-48h-3L-3.4M-1,KL Loss,42,0.08953
KL/CE annealing,exp-tsc-8k-kl99to50-t1-48h-3L-3.4M-1,KL Loss,43,0.079825
KL/CE annealing,exp-tsc-8k-kl99to50-t1-48h-3L-3.4M-1,KL Loss,44,0.083116
KL/CE annealing,exp-tsc-8k-kl99to50-t1-48h-3L-3.4M-1,KL Loss,45,0.088191
KL/CE annealing,exp-tsc-8k-kl99to50-t1-48h-3L-3.4M-1,KL Loss,46,0.070631
KL/CE annealing,exp-tsc-8k-kl99to50-t1-48h-3L-3.4M-1,KL Loss,47,0.086714
KL/CE annealing,exp-tsc-8k-kl99to50-t1-48h-3L-3.4M-1,KL Loss,48,0.072321
KL/CE annealing,exp-tsc-8k-kl99to50-t1-48h-3L-3.4M-1,KL Loss,49,0.074593
KL/CE annealing,exp-tsc-8k-kl99to50-t1-48h-3L-3.4M-1,KL Loss,50,0.064304
KL/CE annealing,exp-tsc-8k-kl99to50-t1-48h-3L-3.4M-1,KL Loss,51,0.06487
KL/CE annealing,exp-tsc-8k-kl99to50-t1-48h-3L-3.4M-1,KL Loss,52,0.067373
KL/CE annealing,exp-tsc-8k-kl99to50-t1-48h-3L-3.4M-1,KL Loss,53,0.067746
KL/CE annealing,exp-tsc-8k-kl99to50-t1-48h-3L-3.4M-1,KL Loss,54,0.05982
KL/CE annealing,exp-tsc-8k-kl99to50-t1-48h-3L-3.4M-1,KL Loss,55,0.07775
KL/CE annealing,exp-tsc-8k-kl99to50-t1-48h-3L-3.4M-1,KL Loss,56,0.071166
KL/CE annealing,exp-tsc-8k-kl99to50-t1-48h-3L-3.4M-1,KL Loss,57,0.064848
KL/CE annealing,exp-tsc-8k-kl99to50-t1-48h-3L-3.4M-1,KL Loss,58,0.06126
KL/CE annealing,exp-tsc-8k-kl99to50-t1-48h-3L-3.4M-1,KL Loss,59,0.056089
KL/CE annealing,exp-tsc-8k-kl99to50-t1-48h-3L-3.4M-1,KL Loss,60,0.069156
KL/CE annealing,exp-tsc-8k-kl99to50-t1-48h-3L-3.4M-1,KL Loss,61,0.0715
KL/CE annealing,exp-tsc-8k-kl99to50-t1-48h-3L-3.4M-1,KL Loss,62,0.07185
KL/CE annealing,exp-tsc-8k-kl99to50-t1-48h-3L-3.4M-1,KL Loss,63,0.068394
KL/CE annealing,exp-tsc-8k-kl99to50-t1-48h-3L-3.4M-1,KL Loss,64,0.054567
KL/CE annealing,exp-tsc-8k-kl99to50-t1-48h-3L-3.4M-1,KL Loss,65,0.05702
KL/CE annealing,exp-tsc-8k-kl99to50-t1-48h-3L-3.4M-1,KL Loss,66,0.078308
KL/CE annealing,exp-tsc-8k-kl99to50-t1-48h-3L-3.4M-1,KL Loss,67,0.059278
KL/CE annealing,exp-tsc-8k-kl99to50-t1-48h-3L-3.4M-1,KL Loss,68,0.055585
KL/CE annealing,exp-tsc-8k-kl99to50-t1-48h-3L-3.4M-1,KL Loss,69,0.072982
KL/CE annealing,exp-tsc-8k-kl99to50-t1-48h-3L-3.4M-1,KL Loss,70,0.051873
KL/CE annealing,exp-tsc-8k-kl99to50-t1-48h-3L-3.4M-1,KL Loss,71,0.050704
KL/CE annealing,exp-tsc-8k-kl99to50-t1-48h-3L-3.4M-1,KL Loss,72,0.062491
KL/CE annealing,exp-tsc-8k-kl99to50-t1-48h-3L-3.4M-1,KL Loss,73,0.047139
KL/CE annealing,exp-tsc-8k-kl99to50-t1-48h-3L-3.4M-1,KL Loss,74,0.063641
KL/CE annealing,exp-tsc-8k-kl99to50-t1-48h-3L-3.4M-1,KL Loss,75,0.068883
KL/CE annealing,exp-tsc-8k-kl99to50-t1-48h-3L-3.4M-1,KL Loss,76,0.068332
KL/CE annealing,exp-tsc-8k-kl99to50-t1-48h-3L-3.4M-1,KL Loss,77,0.071652
KL/CE annealing,exp-tsc-8k-kl99to50-t1-48h-3L-3.4M-1,KL Loss,78,0.080668
KL/CE annealing,exp-tsc-8k-kl99to50-t1-48h-3L-3.4M-1,KL Loss,79,0.078521
KL/CE annealing,exp-tsc-8k-kl99to50-t1-48h-3L-3.4M-1,KL Loss,80,0.067818
KL/CE annealing,exp-tsc-8k-kl99to50-t1-48h-3L-3.4M-1,KL Loss,81,0.072506
KL/CE annealing,exp-tsc-8k-kl99to50-t1-48h-3L-3.4M-1,KL Loss,82,0.071355
KL/CE annealing,exp-tsc-8k-kl99to50-t1-48h-3L-3.4M-1,KL Loss,83,0.062985
KL/CE annealing,exp-tsc-8k-kl99to50-t1-48h-3L-3.4M-1,KL Loss,84,0.062352
KL/CE annealing,exp-tsc-8k-kl99to50-t1-48h-3L-3.4M-1,KL Loss,85,0.06289
KL/CE annealing,exp-tsc-8k-kl99to50-t1-48h-3L-3.4M-1,KL Loss,86,0.047837
KL/CE annealing,exp-tsc-8k-kl99to50-t1-48h-3L-3.4M-1,KL Loss,87,0.055673
KL/CE annealing,exp-tsc-8k-kl99to50-t1-48h-3L-3.4M-1,KL Loss,88,0.05161
KL/CE annealing,exp-tsc-8k-kl99to50-t1-48h-3L-3.4M-1,KL Loss,89,0.055783
KL/CE annealing,exp-tsc-8k-kl99to50-t1-48h-3L-3.4M-1,KL Loss,90,0.069042
KL/CE annealing,exp-tsc-8k-kl99to50-t1-48h-3L-3.4M-1,KL Loss,91,0.053236
KL/CE annealing,exp-tsc-8k-kl99to50-t1-48h-3L-3.4M-1,KL Loss,92,0.064249
KL/CE annealing,exp-tsc-8k-kl99to50-t1-48h-3L-3.4M-1,KL Loss,93,0.050233
KL/CE annealing,exp-tsc-8k-kl99to50-t1-48h-3L-3.4M-1,KL Loss,94,0.046056
KL/CE annealing,exp-tsc-8k-kl99to50-t1-48h-3L-3.4M-1,KL Loss,95,0.069545
KL/CE annealing,exp-tsc-8k-kl99to50-t1-48h-3L-3.4M-1,KL Loss,96,0.056772
KL/CE annealing,exp-tsc-8k-kl99to50-t1-48h-3L-3.4M-1,KL Loss,97,0.052964
KL/CE annealing,exp-tsc-8k-kl99to50-t1-48h-3L-3.4M-1,KL Loss,98,0.05193
KL/CE annealing,exp-tsc-8k-kl99to50-t1-48h-3L-3.4M-1,KL Loss,99,0.053923
KL/CE annealing,exp-tsc-8k-kl99to50-t1-48h-3L-3.4M-1,KL Loss,100,0.059192
KL/CE annealing,exp-tsc-8k-kl99to50-t1-48h-3L-3.4M-1,KL Loss,101,0.051997
KL/CE annealing,exp-tsc-8k-kl99to50-t1-48h-3L-3.4M-1,KL Loss,102,0.056695
KL/CE annealing,exp-tsc-8k-kl99to50-t1-48h-3L-3.4M-1,KL Loss,103,0.05253
KL/CE annealing,exp-tsc-8k-kl99to50-t1-48h-3L-3.4M-1,KL Loss,104,0.053406
KL/CE annealing,exp-tsc-8k-kl99to50-t1-48h-3L-3.4M-1,KL Loss,105,0.050628
KL/CE annealing,exp-tsc-8k-kl99to50-t1-48h-3L-3.4M-1,KL Loss,106,0.052209
KL/CE annealing,exp-tsc-8k-kl99to50-t1-48h-3L-3.4M-1,KL Loss,107,0.050711
KL/CE annealing,exp-tsc-8k-kl99to50-t1-48h-3L-3.4M-1,KL Loss,108,0.051302
KL/CE annealing,exp-tsc-8k-kl99to50-t1-48h-3L-3.4M-1,KL Loss,109,0.057597
KL/CE annealing,exp-tsc-8k-kl99to50-t1-48h-3L-3.4M-1,KL Loss,110,0.068436
KL/CE annealing,exp-tsc-8k-kl99to50-t1-48h-3L-3.4M-1,KL Loss,111,0.067227
KL/CE annealing,exp-tsc-8k-kl99to50-t1-48h-3L-3.4M-1,KL Loss,112,0.054387
KL/CE annealing,exp-tsc-8k-kl99to50-t1-48h-3L-3.4M-1,KL Loss,113,0.052344
KL/CE annealing,exp-tsc-8k-kl99to50-t1-48h-3L-3.4M-1,KL Loss,114,0.052034
KL/CE annealing,exp-tsc-8k-kl99to50-t1-48h-3L-3.4M-1,KL Loss,115,0.053883
KL/CE annealing,exp-tsc-8k-kl99to50-t1-48h-3L-3.4M-1,KL Loss,116,0.058407
KL/CE annealing,exp-tsc-8k-kl99to50-t1-48h-3L-3.4M-1,KL Loss,117,0.060968
KL/CE annealing,exp-tsc-8k-kl99to50-t1-48h-3L-3.4M-1,KL Loss,118,0.054476
KL/CE annealing,exp-tsc-8k-kl99to50-t1-48h-3L-3.4M-1,KL Loss,119,0.061254
KL/CE annealing,exp-tsc-8k-kl99to50-t1-48h-3L-3.4M-1,KL Loss,120,0.051921
KL/CE annealing,exp-tsc-8k-kl99to50-t1-48h-3L-3.4M-1,KL Loss,121,0.047902
KL/CE annealing,exp-tsc-8k-kl99to50-t1-48h-3L-3.4M-1,KL Loss,122,0.056578
KL/CE annealing,exp-tsc-8k-kl99to50-t1-48h-3L-3.4M-1,KL Loss,123,0.053407
KL/CE annealing,exp-tsc-8k-kl99to50-t1-48h-3L-3.4M-1,KL Loss,124,0.053803
KL/CE annealing,exp-tsc-8k-kl99to50-t1-48h-3L-3.4M-1,KL Loss,125,0.051547
KL/CE annealing,exp-tsc-8k-kl99to50-t1-48h-3L-3.4M-1,KL Loss,126,0.04966
KL/CE annealing,exp-tsc-8k-kl99to50-t1-48h-3L-3.4M-1,KL Loss,127,0.056814
KL/CE annealing,exp-tsc-8k-kl99to50-t1-48h-3L-3.4M-1,KL Loss,128,0.053613
KL/CE annealing,exp-tsc-8k-kl99to50-t1-48h-3L-3.4M-1,KL Loss,129,0.050208
KL/CE annealing,exp-tsc-8k-kl99to50-t1-48h-3L-3.4M-1,KL Loss,130,0.041918
KL/CE annealing,exp-tsc-8k-kl99to50-t1-48h-3L-3.4M-1,KL Loss,131,0.061171
KL/CE annealing,exp-tsc-8k-kl99to50-t1-48h-3L-3.4M-1,KL Loss,132,0.055841
KL/CE annealing,exp-tsc-8k-kl99to50-t1-48h-3L-3.4M-1,KL Loss,133,0.064622
KL/CE annealing,exp-tsc-8k-kl99to50-t1-48h-3L-3.4M-1,KL Loss,134,0.059126
KL/CE annealing,exp-tsc-8k-kl99to50-t1-48h-3L-3.4M-1,KL Loss,135,0.053932
KL/CE annealing,exp-tsc-8k-kl99to50-t1-48h-3L-3.4M-1,KL Loss,136,0.072241
KL/CE annealing,exp-tsc-8k-kl99to50-t1-48h-3L-3.4M-1,KL Loss,137,0.047225
KL/CE annealing,exp-tsc-8k-kl99to50-t1-48h-3L-3.4M-1,KL Loss,138,0.045724
KL/CE annealing,exp-tsc-8k-kl99to50-t1-48h-3L-3.4M-1,KL Loss,139,0.05142
KL/CE annealing,exp-tsc-8k-kl99to50-t1-48h-3L-3.4M-1,KL Loss,140,0.053079
KL/CE annealing,exp-tsc-8k-kl99to50-t1-48h-3L-3.4M-1,KL Loss,141,0.04908
KL/CE annealing,exp-tsc-8k-kl99to50-t1-48h-3L-3.4M-1,KL Loss,142,0.049169
KL/CE annealing,exp-tsc-8k-kl99to50-t1-48h-3L-3.4M-1,KL Loss,143,0.054014
KL/CE annealing,exp-tsc-8k-kl99to50-t1-48h-3L-3.4M-1,KL Loss,144,0.055675
KL/CE annealing,exp-tsc-8k-kl99to50-t1-48h-3L-3.4M-1,KL Loss,145,0.055891
KL/CE annealing,exp-tsc-8k-kl99to50-t1-48h-3L-3.4M-1,KL Loss,146,0.045129
KL/CE annealing,exp-tsc-8k-kl99to50-t1-48h-3L-3.4M-1,KL Loss,147,0.051386
KL/CE annealing,exp-tsc-8k-kl99to50-t1-48h-3L-3.4M-1,KL Loss,148,0.060743
KL/CE annealing,exp-tsc-8k-kl99to50-t1-48h-3L-3.4M-1,KL Loss,149,0.058436
KL/CE annealing,exp-tsc-8k-kl99to50-t1-48h-3L-3.4M-1,KL Loss,150,0.04208
KL/CE annealing,exp-tsc-8k-kl99to50-t1-48h-3L-3.4M-1,KL Loss,151,0.063114
KL/CE annealing,exp-tsc-8k-kl99to50-t1-48h-3L-3.4M-1,KL Loss,152,0.05315
KL/CE annealing,exp-tsc-8k-kl99to50-t1-48h-3L-3.4M-1,KL Loss,153,0.048577
KL/CE annealing,exp-tsc-8k-kl99to50-t1-48h-3L-3.4M-1,KL Loss,154,0.059112
KL/CE annealing,exp-tsc-8k-kl99to50-t1-48h-3L-3.4M-1,KL Loss,155,0.049965
KL/CE annealing,exp-tsc-8k-kl99to50-t1-48h-3L-3.4M-1,KL Loss,156,0.050789
KL/CE annealing,exp-tsc-8k-kl99to50-t1-48h-3L-3.4M-1,KL Loss,157,0.05103
KL/CE annealing,exp-tsc-8k-kl99to50-t1-48h-3L-3.4M-1,KL Loss,158,0.04008
KL/CE annealing,exp-tsc-8k-kl99to50-t1-48h-3L-3.4M-1,KL Loss,159,0.055147
KL/CE annealing,exp-tsc-8k-kl99to50-t1-48h-3L-3.4M-1,KL Loss,160,0.038809
KL/CE annealing,exp-tsc-8k-kl99to50-t1-48h-3L-3.4M-1,KL Loss,161,0.040598
KL/CE annealing,exp-tsc-8k-kl99to50-t1-48h-3L-3.4M-1,KL Loss,162,0.047422
KL/CE annealing,exp-tsc-8k-kl99to50-t1-48h-3L-3.4M-1,KL Loss,163,0.049508
KL/CE annealing,exp-tsc-8k-kl99to50-t1-48h-3L-3.4M-1,KL Loss,164,0.054126
KL/CE annealing,exp-tsc-8k-kl99to50-t1-48h-3L-3.4M-1,KL Loss,165,0.035593
KL/CE annealing,exp-tsc-8k-kl99to50-t1-48h-3L-3.4M-1,KL Loss,166,0.057313
KL/CE annealing,exp-tsc-8k-kl99to50-t1-48h-3L-3.4M-1,KL Loss,167,0.045577
KL/CE annealing,exp-tsc-8k-kl99to50-t1-48h-3L-3.4M-1,KL Loss,168,0.05546
KL/CE annealing,exp-tsc-8k-kl99to50-t1-48h-3L-3.4M-1,KL Loss,169,0.057792
KL/CE annealing,exp-tsc-8k-kl99to50-t1-48h-3L-3.4M-1,KL Loss,170,0.067516
KL/CE annealing,exp-tsc-8k-kl99to50-t1-48h-3L-3.4M-1,KL Loss,171,0.062632
KL/CE annealing,exp-tsc-8k-kl99to50-t1-48h-3L-3.4M-1,KL Loss,172,0.041891
KL/CE annealing,exp-tsc-8k-kl99to50-t1-48h-3L-3.4M-1,KL Loss,173,0.050292
KL/CE annealing,exp-tsc-8k-kl99to50-t1-48h-3L-3.4M-1,KL Loss,174,0.053213
KL/CE annealing,exp-tsc-8k-kl99to50-t1-48h-3L-3.4M-1,KL Loss,175,0.051914
KL/CE annealing,exp-tsc-8k-kl99to50-t1-48h-3L-3.4M-1,KL Loss,176,0.072373
KL/CE annealing,exp-tsc-8k-kl99to50-t1-48h-3L-3.4M-1,KL Loss,177,0.05745
KL/CE annealing,exp-tsc-8k-kl99to50-t1-48h-3L-3.4M-1,KL Loss,178,0.049943
KL/CE annealing,exp-tsc-8k-kl99to50-t1-48h-3L-3.4M-1,KL Loss,179,0.055301
KL/CE annealing,exp-tsc-8k-kl99to50-t1-48h-3L-3.4M-1,KL Loss,180,0.042287
KL/CE annealing,exp-tsc-8k-kl99to50-t1-48h-3L-3.4M-1,KL Loss,181,0.047246
KL/CE annealing,exp-tsc-8k-kl99to50-t1-48h-3L-3.4M-1,KL Loss,182,0.047448
KL/CE annealing,exp-tsc-8k-kl99to50-t1-48h-3L-3.4M-1,KL Loss,183,0.050371
KL/CE annealing,exp-tsc-8k-kl99to50-t1-48h-3L-3.4M-1,KL Loss,184,0.053574
KL/CE annealing,exp-tsc-8k-kl99to50-t1-48h-3L-3.4M-1,KL Loss,185,0.052392
KL/CE annealing,exp-tsc-8k-kl99to50-t1-48h-3L-3.4M-1,KL Loss,186,0.052509
KL/CE annealing,exp-tsc-8k-kl99to50-t1-48h-3L-3.4M-1,KL Loss,187,0.060208
KL/CE annealing,exp-tsc-8k-kl99to50-t1-48h-3L-3.4M-1,KL Loss,188,0.045544
KL/CE annealing,exp-tsc-8k-kl99to50-t1-48h-3L-3.4M-1,KL Loss,189,0.046617
KL/CE annealing,exp-tsc-8k-kl99to50-t1-48h-3L-3.4M-1,KL Loss,190,0.045194
KL/CE annealing,exp-tsc-8k-kl99to50-t1-48h-3L-3.4M-1,KL Loss,191,0.054108
KL/CE annealing,exp-tsc-8k-kl99to50-t1-48h-3L-3.4M-1,KL Loss,192,0.053247
KL/CE annealing,exp-tsc-8k-kl99to50-t1-48h-3L-3.4M-1,KL Loss,193,0.051853
KL/CE annealing,exp-tsc-8k-kl99to50-t1-48h-3L-3.4M-1,KL Loss,194,0.053305
KL/CE annealing,exp-tsc-8k-kl99to50-t1-48h-3L-3.4M-1,KL Loss,195,0.050119
KL/CE annealing,exp-tsc-8k-kl99to50-t1-48h-3L-3.4M-1,KL Loss,196,0.043849
KL/CE annealing,exp-tsc-8k-kl99to50-t1-48h-3L-3.4M-1,KL Loss,197,0.048985
KL/CE annealing,exp-tsc-8k-kl99to50-t1-48h-3L-3.4M-1,KL Loss,198,0.043563
KL/CE annealing,exp-tsc-8k-kl99to50-t1-48h-3L-3.4M-1,KL Loss,199,0.059362
KL/CE annealing,exp-tsc-8k-kl99to50-t1-48h-3L-3.4M-1,KL Loss,200,0.043446
KL/CE annealing,exp-tsc-8k-kl99to50-t1-48h-3L-3.4M-1,KL Loss,201,0.050542
KL/CE annealing,exp-tsc-8k-kl99to50-t1-48h-3L-3.4M-1,KL Loss,202,0.042101
KL/CE annealing,exp-tsc-8k-kl99to50-t1-48h-3L-3.4M-1,KL Loss,203,0.045044
KL/CE annealing,exp-tsc-8k-kl99to50-t1-48h-3L-3.4M-1,KL Loss,204,0.045436
KL/CE annealing,exp-tsc-8k-kl99to50-t1-48h-3L-3.4M-1,KL Loss,205,0.047273
KL/CE annealing,exp-tsc-8k-kl99to50-t1-48h-3L-3.4M-1,KL Loss,206,0.0397
KL/CE annealing,exp-tsc-8k-kl99to50-t1-48h-3L-3.4M-1,KL Loss,207,0.052585
KL/CE annealing,exp-tsc-8k-kl99to50-t1-48h-3L-3.4M-1,KL Loss,208,0.053405
KL/CE annealing,exp-tsc-8k-kl99to50-t1-48h-3L-3.4M-1,KL Loss,209,0.054374
KL/CE annealing,exp-tsc-8k-kl99to50-t1-48h-3L-3.4M-1,KL Loss,210,0.051872
KL/CE annealing,exp-tsc-8k-kl99to50-t1-48h-3L-3.4M-1,KL Loss,211,0.044436
KL/CE annealing,exp-tsc-8k-kl99to50-t1-48h-3L-3.4M-1,KL Loss,212,0.051569
KL/CE annealing,exp-tsc-8k-kl99to50-t1-48h-3L-3.4M-1,KL Loss,213,0.043251
KL/CE annealing,exp-tsc-8k-kl99to50-t1-48h-3L-3.4M-1,KL Loss,214,0.061174
KL/CE annealing,exp-tsc-8k-kl99to50-t1-48h-3L-3.4M-1,KL Loss,215,0.041627
KL/CE annealing,exp-tsc-8k-kl99to50-t1-48h-3L-3.4M-1,KL Loss,216,0.054342
KL/CE annealing,exp-tsc-8k-kl99to50-t1-48h-3L-3.4M-1,KL Loss,217,0.042517
KL/CE annealing,exp-tsc-8k-kl99to50-t1-48h-3L-3.4M-1,KL Loss,218,0.050029
KL/CE annealing,exp-tsc-8k-kl99to50-t1-48h-3L-3.4M-1,KL Loss,219,0.050327
KL/CE annealing,exp-tsc-8k-kl99to50-t1-48h-3L-3.4M-1,KL Loss,220,0.049824
KL/CE annealing,exp-tsc-8k-kl99to50-t1-48h-3L-3.4M-1,KL Loss,221,0.054955
KL/CE annealing,exp-tsc-8k-kl99to50-t1-48h-3L-3.4M-1,KL Loss,222,0.048982
KL/CE annealing,exp-tsc-8k-kl99to50-t1-48h-3L-3.4M-1,KL Loss,223,0.041808
KL/CE annealing,exp-tsc-8k-kl99to50-t1-48h-3L-3.4M-1,KL Loss,224,0.059882
KL/CE annealing,exp-tsc-8k-kl99to50-t1-48h-3L-3.4M-1,KL Loss,225,0.048594
KL/CE annealing,exp-tsc-8k-kl99to50-t1-48h-3L-3.4M-1,KL Loss,226,0.051939
KL/CE annealing,exp-tsc-8k-kl99to50-t1-48h-3L-3.4M-1,KL Loss,227,0.041335
KL/CE annealing,exp-tsc-8k-kl99to50-t1-48h-3L-3.4M-1,KL Loss,228,0.053973
KL/CE annealing,exp-tsc-8k-kl99to50-t1-48h-3L-3.4M-1,KL Loss,229,0.046987
KL/CE annealing,exp-tsc-8k-kl99to50-t1-48h-3L-3.4M-1,KL Loss,230,0.047701
KL/CE annealing,exp-tsc-8k-kl99to50-t1-48h-3L-3.4M-1,KL Loss,231,0.045781
KL/CE annealing,exp-tsc-8k-kl99to50-t1-48h-3L-3.4M-1,KL Loss,232,0.053872
KL/CE annealing,exp-tsc-8k-kl99to50-t1-48h-3L-3.4M-1,KL Loss,233,0.046753
KL/CE annealing,exp-tsc-8k-kl99to50-t1-48h-3L-3.4M-1,KL Loss,234,0.049678
KL/CE annealing,exp-tsc-8k-kl99to50-t1-48h-3L-3.4M-1,KL Loss,235,0.049357
KL/CE annealing,exp-tsc-8k-kl99to50-t1-48h-3L-3.4M-1,KL Loss,236,0.046145
KL/CE annealing,exp-tsc-8k-kl99to50-t1-48h-3L-3.4M-1,KL Loss,237,0.051401
KL/CE annealing,exp-tsc-8k-kl99to50-t1-48h-3L-3.4M-1,KL Loss,238,0.044669
KL/CE annealing,exp-tsc-8k-kl99to50-t1-48h-3L-3.4M-1,KL Loss,239,0.05796
KL/CE annealing,exp-tsc-8k-kl99to50-t1-48h-3L-3.4M-1,KL Loss,240,0.044519
KL/CE annealing,exp-tsc-8k-kl99to50-t1-48h-3L-3.4M-1,KL Loss,241,0.046988
KL/CE annealing,exp-tsc-8k-kl99to50-t1-48h-3L-3.4M-1,KL Loss,242,0.055557
KL/CE annealing,exp-tsc-8k-kl99to50-t1-48h-3L-3.4M-1,KL Loss,243,0.040928
KL/CE annealing,exp-tsc-8k-kl99to50-t1-48h-3L-3.4M-1,KL Loss,244,0.046012
KL/CE annealing,exp-tsc-8k-kl99to50-t1-48h-3L-3.4M-1,KL Loss,245,0.052981
KL/CE annealing,exp-tsc-8k-kl99to50-t1-48h-3L-3.4M-1,KL Loss,246,0.045171
KL/CE annealing,exp-tsc-8k-kl99to50-t1-48h-3L-3.4M-1,KL Loss,247,0.042384
KL/CE annealing,exp-tsc-8k-kl99to50-t1-48h-3L-3.4M-1,KL Loss,248,0.046684
KL/CE annealing,exp-tsc-8k-kl99to50-t1-48h-3L-3.4M-1,KL Loss,249,0.044755
KL/CE annealing,exp-tsc-8k-kl99to50-t1-48h-3L-3.4M-1,CE Loss,1,4.453658
KL/CE annealing,exp-tsc-8k-kl99to50-t1-48h-3L-3.4M-1,CE Loss,2,2.845738
KL/CE annealing,exp-tsc-8k-kl99to50-t1-48h-3L-3.4M-1,CE Loss,3,2.661103
KL/CE annealing,exp-tsc-8k-kl99to50-t1-48h-3L-3.4M-1,CE Loss,4,2.43815
KL/CE annealing,exp-tsc-8k-kl99to50-t1-48h-3L-3.4M-1,CE Loss,5,2.116085
KL/CE annealing,exp-tsc-8k-kl99to50-t1-48h-3L-3.4M-1,CE Loss,6,1.772784
KL/CE annealing,exp-tsc-8k-kl99to50-t1-48h-3L-3.4M-1,CE Loss,7,1.463856
KL/CE annealing,exp-tsc-8k-kl99to50-t1-48h-3L-3.4M-1,CE Loss,8,1.134574
KL/CE annealing,exp-tsc-8k-kl99to50-t1-48h-3L-3.4M-1,CE Loss,9,0.890143
KL/CE annealing,exp-tsc-8k-kl99to50-t1-48h-3L-3.4M-1,CE Loss,10,0.699569
KL/CE annealing,exp-tsc-8k-kl99to50-t1-48h-3L-3.4M-1,CE Loss,11,0.539673
KL/CE annealing,exp-tsc-8k-kl99to50-t1-48h-3L-3.4M-1,CE Loss,12,0.419079
KL/CE annealing,exp-tsc-8k-kl99to50-t1-48h-3L-3.4M-1,CE Loss,13,0.337393
KL/CE annealing,exp-tsc-8k-kl99to50-t1-48h-3L-3.4M-1,CE Loss,14,0.288738
KL/CE annealing,exp-tsc-8k-kl99to50-t1-48h-3L-3.4M-1,CE Loss,15,0.233359
KL/CE annealing,exp-tsc-8k-kl99to50-t1-48h-3L-3.4M-1,CE Loss,16,0.191538
KL/CE annealing,exp-tsc-8k-kl99to50-t1-48h-3L-3.4M-1,CE Loss,17,0.176264
KL/CE annealing,exp-tsc-8k-kl99to50-t1-48h-3L-3.4M-1,CE Loss,18,0.184401
KL/CE annealing,exp-tsc-8k-kl99to50-t1-48h-3L-3.4M-1,CE Loss,19,0.21617
KL/CE annealing,exp-tsc-8k-kl99to50-t1-48h-3L-3.4M-1,CE Loss,20,0.179732
KL/CE annealing,exp-tsc-8k-kl99to50-t1-48h-3L-3.4M-1,CE Loss,21,0.154037
KL/CE annealing,exp-tsc-8k-kl99to50-t1-48h-3L-3.4M-1,CE Loss,22,0.123861
KL/CE annealing,exp-tsc-8k-kl99to50-t1-48h-3L-3.4M-1,CE Loss,23,0.136758
KL/CE annealing,exp-tsc-8k-kl99to50-t1-48h-3L-3.4M-1,CE Loss,24,0.115145
KL/CE annealing,exp-tsc-8k-kl99to50-t1-48h-3L-3.4M-1,CE Loss,25,0.172791
KL/CE annealing,exp-tsc-8k-kl99to50-t1-48h-3L-3.4M-1,CE Loss,26,0.194532
KL/CE annealing,exp-tsc-8k-kl99to50-t1-48h-3L-3.4M-1,CE Loss,27,0.139442
KL/CE annealing,exp-tsc-8k-kl99to50-t1-48h-3L-3.4M-1,CE Loss,28,0.137234
KL/CE annealing,exp-tsc-8k-kl99to50-t1-48h-3L-3.4M-1,CE Loss,29,0.137447
KL/CE annealing,exp-tsc-8k-kl99to50-t1-48h-3L-3.4M-1,CE Loss,30,0.121486
KL/CE annealing,exp-tsc-8k-kl99to50-t1-48h-3L-3.4M-1,CE Loss,31,0.104037
KL/CE annealing,exp-tsc-8k-kl99to50-t1-48h-3L-3.4M-1,CE Loss,32,0.104465
KL/CE annealing,exp-tsc-8k-kl99to50-t1-48h-3L-3.4M-1,CE Loss,33,0.111436
KL/CE annealing,exp-tsc-8k-kl99to50-t1-48h-3L-3.4M-1,CE Loss,34,0.116541
KL/CE annealing,exp-tsc-8k-kl99to50-t1-48h-3L-3.4M-1,CE Loss,35,0.109166
KL/CE annealing,exp-tsc-8k-kl99to50-t1-48h-3L-3.4M-1,CE Loss,36,0.094895
KL/CE annealing,exp-tsc-8k-kl99to50-t1-48h-3L-3.4M-1,CE Loss,37,0.117283
KL/CE annealing,exp-tsc-8k-kl99to50-t1-48h-3L-3.4M-1,CE Loss,38,0.100349
KL/CE annealing,exp-tsc-8k-kl99to50-t1-48h-3L-3.4M-1,CE Loss,39,0.098674
KL/CE annealing,exp-tsc-8k-kl99to50-t1-48h-3L-3.4M-1,CE Loss,40,0.099595
KL/CE annealing,exp-tsc-8k-kl99to50-t1-48h-3L-3.4M-1,CE Loss,41,0.082341
KL/CE annealing,exp-tsc-8k-kl99to50-t1-48h-3L-3.4M-1,CE Loss,42,0.102256
KL/CE annealing,exp-tsc-8k-kl99to50-t1-48h-3L-3.4M-1,CE Loss,43,0.089125
KL/CE annealing,exp-tsc-8k-kl99to50-t1-48h-3L-3.4M-1,CE Loss,44,0.092766
KL/CE annealing,exp-tsc-8k-kl99to50-t1-48h-3L-3.4M-1,CE Loss,45,0.102555
KL/CE annealing,exp-tsc-8k-kl99to50-t1-48h-3L-3.4M-1,CE Loss,46,0.081823
KL/CE annealing,exp-tsc-8k-kl99to50-t1-48h-3L-3.4M-1,CE Loss,47,0.097825
KL/CE annealing,exp-tsc-8k-kl99to50-t1-48h-3L-3.4M-1,CE Loss,48,0.087731
KL/CE annealing,exp-tsc-8k-kl99to50-t1-48h-3L-3.4M-1,CE Loss,49,0.086189
KL/CE annealing,exp-tsc-8k-kl99to50-t1-48h-3L-3.4M-1,CE Loss,50,0.074504
KL/CE annealing,exp-tsc-8k-kl99to50-t1-48h-3L-3.4M-1,CE Loss,51,0.074143
KL/CE annealing,exp-tsc-8k-kl99to50-t1-48h-3L-3.4M-1,CE Loss,52,0.077033
KL/CE annealing,exp-tsc-8k-kl99to50-t1-48h-3L-3.4M-1,CE Loss,53,0.079411
KL/CE annealing,exp-tsc-8k-kl99to50-t1-48h-3L-3.4M-1,CE Loss,54,0.069131
KL/CE annealing,exp-tsc-8k-kl99to50-t1-48h-3L-3.4M-1,CE Loss,55,0.087902
KL/CE annealing,exp-tsc-8k-kl99to50-t1-48h-3L-3.4M-1,CE Loss,56,0.082788
KL/CE annealing,exp-tsc-8k-kl99to50-t1-48h-3L-3.4M-1,CE Loss,57,0.074889
KL/CE annealing,exp-tsc-8k-kl99to50-t1-48h-3L-3.4M-1,CE Loss,58,0.073483
KL/CE annealing,exp-tsc-8k-kl99to50-t1-48h-3L-3.4M-1,CE Loss,59,0.065831
KL/CE annealing,exp-tsc-8k-kl99to50-t1-48h-3L-3.4M-1,CE Loss,60,0.077208
KL/CE annealing,exp-tsc-8k-kl99to50-t1-48h-3L-3.4M-1,CE Loss,61,0.080439
KL/CE annealing,exp-tsc-8k-kl99to50-t1-48h-3L-3.4M-1,CE Loss,62,0.083286
KL/CE annealing,exp-tsc-8k-kl99to50-t1-48h-3L-3.4M-1,CE Loss,63,0.077519
KL/CE annealing,exp-tsc-8k-kl99to50-t1-48h-3L-3.4M-1,CE Loss,64,0.068404
KL/CE annealing,exp-tsc-8k-kl99to50-t1-48h-3L-3.4M-1,CE Loss,65,0.065564
KL/CE annealing,exp-tsc-8k-kl99to50-t1-48h-3L-3.4M-1,CE Loss,66,0.091254
KL/CE annealing,exp-tsc-8k-kl99to50-t1-48h-3L-3.4M-1,CE Loss,67,0.071446
KL/CE annealing,exp-tsc-8k-kl99to50-t1-48h-3L-3.4M-1,CE Loss,68,0.063945
KL/CE annealing,exp-tsc-8k-kl99to50-t1-48h-3L-3.4M-1,CE Loss,69,0.079387
KL/CE annealing,exp-tsc-8k-kl99to50-t1-48h-3L-3.4M-1,CE Loss,70,0.060983
KL/CE annealing,exp-tsc-8k-kl99to50-t1-48h-3L-3.4M-1,CE Loss,71,0.065376
KL/CE annealing,exp-tsc-8k-kl99to50-t1-48h-3L-3.4M-1,CE Loss,72,0.074548
KL/CE annealing,exp-tsc-8k-kl99to50-t1-48h-3L-3.4M-1,CE Loss,73,0.061295
KL/CE annealing,exp-tsc-8k-kl99to50-t1-48h-3L-3.4M-1,CE Loss,74,0.070945
KL/CE annealing,exp-tsc-8k-kl99to50-t1-48h-3L-3.4M-1,CE Loss,75,0.081313
KL/CE annealing,exp-tsc-8k-kl99to50-t1-48h-3L-3.4M-1,CE Loss,76,0.078234
KL/CE annealing,exp-tsc-8k-kl99to50-t1-48h-3L-3.4M-1,CE Loss,77,0.081224
KL/CE annealing,exp-tsc-8k-kl99to50-t1-48h-3L-3.4M-1,CE Loss,78,0.092278
KL/CE annealing,exp-tsc-8k-kl99to50-t1-48h-3L-3.4M-1,CE Loss,79,0.089303
KL/CE annealing,exp-tsc-8k-kl99to50-t1-48h-3L-3.4M-1,CE Loss,80,0.074537
KL/CE annealing,exp-tsc-8k-kl99to50-t1-48h-3L-3.4M-1,CE Loss,81,0.083615
KL/CE annealing,exp-tsc-8k-kl99to50-t1-48h-3L-3.4M-1,CE Loss,82,0.081749
KL/CE annealing,exp-tsc-8k-kl99to50-t1-48h-3L-3.4M-1,CE Loss,83,0.079809
KL/CE annealing,exp-tsc-8k-kl99to50-t1-48h-3L-3.4M-1,CE Loss,84,0.075095
KL/CE annealing,exp-tsc-8k-kl99to50-t1-48h-3L-3.4M-1,CE Loss,85,0.077623
KL/CE annealing,exp-tsc-8k-kl99to50-t1-48h-3L-3.4M-1,CE Loss,86,0.055406
KL/CE annealing,exp-tsc-8k-kl99to50-t1-48h-3L-3.4M-1,CE Loss,87,0.070144
KL/CE annealing,exp-tsc-8k-kl99to50-t1-48h-3L-3.4M-1,CE Loss,88,0.063523
KL/CE annealing,exp-tsc-8k-kl99to50-t1-48h-3L-3.4M-1,CE Loss,89,0.066333
KL/CE annealing,exp-tsc-8k-kl99to50-t1-48h-3L-3.4M-1,CE Loss,90,0.078302
KL/CE annealing,exp-tsc-8k-kl99to50-t1-48h-3L-3.4M-1,CE Loss,91,0.063762
KL/CE annealing,exp-tsc-8k-kl99to50-t1-48h-3L-3.4M-1,CE Loss,92,0.074248
KL/CE annealing,exp-tsc-8k-kl99to50-t1-48h-3L-3.4M-1,CE Loss,93,0.063026
KL/CE annealing,exp-tsc-8k-kl99to50-t1-48h-3L-3.4M-1,CE Loss,94,0.057322
KL/CE annealing,exp-tsc-8k-kl99to50-t1-48h-3L-3.4M-1,CE Loss,95,0.082021
KL/CE annealing,exp-tsc-8k-kl99to50-t1-48h-3L-3.4M-1,CE Loss,96,0.06423
KL/CE annealing,exp-tsc-8k-kl99to50-t1-48h-3L-3.4M-1,CE Loss,97,0.064707
KL/CE annealing,exp-tsc-8k-kl99to50-t1-48h-3L-3.4M-1,CE Loss,98,0.065354
KL/CE annealing,exp-tsc-8k-kl99to50-t1-48h-3L-3.4M-1,CE Loss,99,0.070207
KL/CE annealing,exp-tsc-8k-kl99to50-t1-48h-3L-3.4M-1,CE Loss,100,0.068804
KL/CE annealing,exp-tsc-8k-kl99to50-t1-48h-3L-3.4M-1,CE Loss,101,0.06078
KL/CE annealing,exp-tsc-8k-kl99to50-t1-48h-3L-3.4M-1,CE Loss,102,0.065923
KL/CE annealing,exp-tsc-8k-kl99to50-t1-48h-3L-3.4M-1,CE Loss,103,0.060306
KL/CE annealing,exp-tsc-8k-kl99to50-t1-48h-3L-3.4M-1,CE Loss,104,0.065573
KL/CE annealing,exp-tsc-8k-kl99to50-t1-48h-3L-3.4M-1,CE Loss,105,0.061787
KL/CE annealing,exp-tsc-8k-kl99to50-t1-48h-3L-3.4M-1,CE Loss,106,0.058974
KL/CE annealing,exp-tsc-8k-kl99to50-t1-48h-3L-3.4M-1,CE Loss,107,0.062735
KL/CE annealing,exp-tsc-8k-kl99to50-t1-48h-3L-3.4M-1,CE Loss,108,0.060399
KL/CE annealing,exp-tsc-8k-kl99to50-t1-48h-3L-3.4M-1,CE Loss,109,0.073152
KL/CE annealing,exp-tsc-8k-kl99to50-t1-48h-3L-3.4M-1,CE Loss,110,0.077865
KL/CE annealing,exp-tsc-8k-kl99to50-t1-48h-3L-3.4M-1,CE Loss,111,0.072441
KL/CE annealing,exp-tsc-8k-kl99to50-t1-48h-3L-3.4M-1,CE Loss,112,0.062897
KL/CE annealing,exp-tsc-8k-kl99to50-t1-48h-3L-3.4M-1,CE Loss,113,0.061758
KL/CE annealing,exp-tsc-8k-kl99to50-t1-48h-3L-3.4M-1,CE Loss,114,0.061367
KL/CE annealing,exp-tsc-8k-kl99to50-t1-48h-3L-3.4M-1,CE Loss,115,0.061749
KL/CE annealing,exp-tsc-8k-kl99to50-t1-48h-3L-3.4M-1,CE Loss,116,0.068632
KL/CE annealing,exp-tsc-8k-kl99to50-t1-48h-3L-3.4M-1,CE Loss,117,0.069756
KL/CE annealing,exp-tsc-8k-kl99to50-t1-48h-3L-3.4M-1,CE Loss,118,0.066286
KL/CE annealing,exp-tsc-8k-kl99to50-t1-48h-3L-3.4M-1,CE Loss,119,0.067791
KL/CE annealing,exp-tsc-8k-kl99to50-t1-48h-3L-3.4M-1,CE Loss,120,0.062718
KL/CE annealing,exp-tsc-8k-kl99to50-t1-48h-3L-3.4M-1,CE Loss,121,0.056531
KL/CE annealing,exp-tsc-8k-kl99to50-t1-48h-3L-3.4M-1,CE Loss,122,0.065522
KL/CE annealing,exp-tsc-8k-kl99to50-t1-48h-3L-3.4M-1,CE Loss,123,0.061892
KL/CE annealing,exp-tsc-8k-kl99to50-t1-48h-3L-3.4M-1,CE Loss,124,0.064217
KL/CE annealing,exp-tsc-8k-kl99to50-t1-48h-3L-3.4M-1,CE Loss,125,0.061403
KL/CE annealing,exp-tsc-8k-kl99to50-t1-48h-3L-3.4M-1,CE Loss,126,0.058696
KL/CE annealing,exp-tsc-8k-kl99to50-t1-48h-3L-3.4M-1,CE Loss,127,0.066119
KL/CE annealing,exp-tsc-8k-kl99to50-t1-48h-3L-3.4M-1,CE Loss,128,0.062212
KL/CE annealing,exp-tsc-8k-kl99to50-t1-48h-3L-3.4M-1,CE Loss,129,0.060059
KL/CE annealing,exp-tsc-8k-kl99to50-t1-48h-3L-3.4M-1,CE Loss,130,0.050975
KL/CE annealing,exp-tsc-8k-kl99to50-t1-48h-3L-3.4M-1,CE Loss,131,0.074921
KL/CE annealing,exp-tsc-8k-kl99to50-t1-48h-3L-3.4M-1,CE Loss,132,0.067306
KL/CE annealing,exp-tsc-8k-kl99to50-t1-48h-3L-3.4M-1,CE Loss,133,0.076925
KL/CE annealing,exp-tsc-8k-kl99to50-t1-48h-3L-3.4M-1,CE Loss,134,0.068059
KL/CE annealing,exp-tsc-8k-kl99to50-t1-48h-3L-3.4M-1,CE Loss,135,0.060763
KL/CE annealing,exp-tsc-8k-kl99to50-t1-48h-3L-3.4M-1,CE Loss,136,0.087277
KL/CE annealing,exp-tsc-8k-kl99to50-t1-48h-3L-3.4M-1,CE Loss,137,0.056024
KL/CE annealing,exp-tsc-8k-kl99to50-t1-48h-3L-3.4M-1,CE Loss,138,0.054191
KL/CE annealing,exp-tsc-8k-kl99to50-t1-48h-3L-3.4M-1,CE Loss,139,0.05769
KL/CE annealing,exp-tsc-8k-kl99to50-t1-48h-3L-3.4M-1,CE Loss,140,0.062659
KL/CE annealing,exp-tsc-8k-kl99to50-t1-48h-3L-3.4M-1,CE Loss,141,0.057303
KL/CE annealing,exp-tsc-8k-kl99to50-t1-48h-3L-3.4M-1,CE Loss,142,0.056298
KL/CE annealing,exp-tsc-8k-kl99to50-t1-48h-3L-3.4M-1,CE Loss,143,0.064925
KL/CE annealing,exp-tsc-8k-kl99to50-t1-48h-3L-3.4M-1,CE Loss,144,0.061719
KL/CE annealing,exp-tsc-8k-kl99to50-t1-48h-3L-3.4M-1,CE Loss,145,0.065336
KL/CE annealing,exp-tsc-8k-kl99to50-t1-48h-3L-3.4M-1,CE Loss,146,0.052788
KL/CE annealing,exp-tsc-8k-kl99to50-t1-48h-3L-3.4M-1,CE Loss,147,0.060234
KL/CE annealing,exp-tsc-8k-kl99to50-t1-48h-3L-3.4M-1,CE Loss,148,0.073353
KL/CE annealing,exp-tsc-8k-kl99to50-t1-48h-3L-3.4M-1,CE Loss,149,0.070024
KL/CE annealing,exp-tsc-8k-kl99to50-t1-48h-3L-3.4M-1,CE Loss,150,0.050063
KL/CE annealing,exp-tsc-8k-kl99to50-t1-48h-3L-3.4M-1,CE Loss,151,0.070241
KL/CE annealing,exp-tsc-8k-kl99to50-t1-48h-3L-3.4M-1,CE Loss,152,0.061535
KL/CE annealing,exp-tsc-8k-kl99to50-t1-48h-3L-3.4M-1,CE Loss,153,0.059892
KL/CE annealing,exp-tsc-8k-kl99to50-t1-48h-3L-3.4M-1,CE Loss,154,0.070716
KL/CE annealing,exp-tsc-8k-kl99to50-t1-48h-3L-3.4M-1,CE Loss,155,0.05591
KL/CE annealing,exp-tsc-8k-kl99to50-t1-48h-3L-3.4M-1,CE Loss,156,0.064726
KL/CE annealing,exp-tsc-8k-kl99to50-t1-48h-3L-3.4M-1,CE Loss,157,0.056911
KL/CE annealing,exp-tsc-8k-kl99to50-t1-48h-3L-3.4M-1,CE Loss,158,0.046151
KL/CE annealing,exp-tsc-8k-kl99to50-t1-48h-3L-3.4M-1,CE Loss,159,0.065847
KL/CE annealing,exp-tsc-8k-kl99to50-t1-48h-3L-3.4M-1,CE Loss,160,0.044179
KL/CE annealing,exp-tsc-8k-kl99to50-t1-48h-3L-3.4M-1,CE Loss,161,0.046183
KL/CE annealing,exp-tsc-8k-kl99to50-t1-48h-3L-3.4M-1,CE Loss,162,0.055518
KL/CE annealing,exp-tsc-8k-kl99to50-t1-48h-3L-3.4M-1,CE Loss,163,0.059417
KL/CE annealing,exp-tsc-8k-kl99to50-t1-48h-3L-3.4M-1,CE Loss,164,0.063233
KL/CE annealing,exp-tsc-8k-kl99to50-t1-48h-3L-3.4M-1,CE Loss,165,0.040016
KL/CE annealing,exp-tsc-8k-kl99to50-t1-48h-3L-3.4M-1,CE Loss,166,0.06799
KL/CE annealing,exp-tsc-8k-kl99to50-t1-48h-3L-3.4M-1,CE Loss,167,0.052257
KL/CE annealing,exp-tsc-8k-kl99to50-t1-48h-3L-3.4M-1,CE Loss,168,0.06521
KL/CE annealing,exp-tsc-8k-kl99to50-t1-48h-3L-3.4M-1,CE Loss,169,0.064297
KL/CE annealing,exp-tsc-8k-kl99to50-t1-48h-3L-3.4M-1,CE Loss,170,0.079352
KL/CE annealing,exp-tsc-8k-kl99to50-t1-48h-3L-3.4M-1,CE Loss,171,0.073551
KL/CE annealing,exp-tsc-8k-kl99to50-t1-48h-3L-3.4M-1,CE Loss,172,0.049941
KL/CE annealing,exp-tsc-8k-kl99to50-t1-48h-3L-3.4M-1,CE Loss,173,0.054126
KL/CE annealing,exp-tsc-8k-kl99to50-t1-48h-3L-3.4M-1,CE Loss,174,0.061341
KL/CE annealing,exp-tsc-8k-kl99to50-t1-48h-3L-3.4M-1,CE Loss,175,0.060064
KL/CE annealing,exp-tsc-8k-kl99to50-t1-48h-3L-3.4M-1,CE Loss,176,0.07929
KL/CE annealing,exp-tsc-8k-kl99to50-t1-48h-3L-3.4M-1,CE Loss,177,0.067572
KL/CE annealing,exp-tsc-8k-kl99to50-t1-48h-3L-3.4M-1,CE Loss,178,0.058648
KL/CE annealing,exp-tsc-8k-kl99to50-t1-48h-3L-3.4M-1,CE Loss,179,0.062297
KL/CE annealing,exp-tsc-8k-kl99to50-t1-48h-3L-3.4M-1,CE Loss,180,0.047887
KL/CE annealing,exp-tsc-8k-kl99to50-t1-48h-3L-3.4M-1,CE Loss,181,0.05438
KL/CE annealing,exp-tsc-8k-kl99to50-t1-48h-3L-3.4M-1,CE Loss,182,0.055021
KL/CE annealing,exp-tsc-8k-kl99to50-t1-48h-3L-3.4M-1,CE Loss,183,0.060198
KL/CE annealing,exp-tsc-8k-kl99to50-t1-48h-3L-3.4M-1,CE Loss,184,0.062024
KL/CE annealing,exp-tsc-8k-kl99to50-t1-48h-3L-3.4M-1,CE Loss,185,0.063206
KL/CE annealing,exp-tsc-8k-kl99to50-t1-48h-3L-3.4M-1,CE Loss,186,0.067009
KL/CE annealing,exp-tsc-8k-kl99to50-t1-48h-3L-3.4M-1,CE Loss,187,0.067328
KL/CE annealing,exp-tsc-8k-kl99to50-t1-48h-3L-3.4M-1,CE Loss,188,0.054978
KL/CE annealing,exp-tsc-8k-kl99to50-t1-48h-3L-3.4M-1,CE Loss,189,0.053455
KL/CE annealing,exp-tsc-8k-kl99to50-t1-48h-3L-3.4M-1,CE Loss,190,0.05133
KL/CE annealing,exp-tsc-8k-kl99to50-t1-48h-3L-3.4M-1,CE Loss,191,0.059105
KL/CE annealing,exp-tsc-8k-kl99to50-t1-48h-3L-3.4M-1,CE Loss,192,0.060194
KL/CE annealing,exp-tsc-8k-kl99to50-t1-48h-3L-3.4M-1,CE Loss,193,0.061723
KL/CE annealing,exp-tsc-8k-kl99to50-t1-48h-3L-3.4M-1,CE Loss,194,0.059884
KL/CE annealing,exp-tsc-8k-kl99to50-t1-48h-3L-3.4M-1,CE Loss,195,0.056225
KL/CE annealing,exp-tsc-8k-kl99to50-t1-48h-3L-3.4M-1,CE Loss,196,0.050795
KL/CE annealing,exp-tsc-8k-kl99to50-t1-48h-3L-3.4M-1,CE Loss,197,0.056658
KL/CE annealing,exp-tsc-8k-kl99to50-t1-48h-3L-3.4M-1,CE Loss,198,0.053531
KL/CE annealing,exp-tsc-8k-kl99to50-t1-48h-3L-3.4M-1,CE Loss,199,0.065506
KL/CE annealing,exp-tsc-8k-kl99to50-t1-48h-3L-3.4M-1,CE Loss,200,0.052937
KL/CE annealing,exp-tsc-8k-kl99to50-t1-48h-3L-3.4M-1,CE Loss,201,0.058215
KL/CE annealing,exp-tsc-8k-kl99to50-t1-48h-3L-3.4M-1,CE Loss,202,0.048675
KL/CE annealing,exp-tsc-8k-kl99to50-t1-48h-3L-3.4M-1,CE Loss,203,0.053801
KL/CE annealing,exp-tsc-8k-kl99to50-t1-48h-3L-3.4M-1,CE Loss,204,0.054014
KL/CE annealing,exp-tsc-8k-kl99to50-t1-48h-3L-3.4M-1,CE Loss,205,0.054023
KL/CE annealing,exp-tsc-8k-kl99to50-t1-48h-3L-3.4M-1,CE Loss,206,0.045068
KL/CE annealing,exp-tsc-8k-kl99to50-t1-48h-3L-3.4M-1,CE Loss,207,0.061176
KL/CE annealing,exp-tsc-8k-kl99to50-t1-48h-3L-3.4M-1,CE Loss,208,0.06195
KL/CE annealing,exp-tsc-8k-kl99to50-t1-48h-3L-3.4M-1,CE Loss,209,0.059347
KL/CE annealing,exp-tsc-8k-kl99to50-t1-48h-3L-3.4M-1,CE Loss,210,0.057013
KL/CE annealing,exp-tsc-8k-kl99to50-t1-48h-3L-3.4M-1,CE Loss,211,0.046641
KL/CE annealing,exp-tsc-8k-kl99to50-t1-48h-3L-3.4M-1,CE Loss,212,0.057643
KL/CE annealing,exp-tsc-8k-kl99to50-t1-48h-3L-3.4M-1,CE Loss,213,0.050989
KL/CE annealing,exp-tsc-8k-kl99to50-t1-48h-3L-3.4M-1,CE Loss,214,0.067979
KL/CE annealing,exp-tsc-8k-kl99to50-t1-48h-3L-3.4M-1,CE Loss,215,0.047291
KL/CE annealing,exp-tsc-8k-kl99to50-t1-48h-3L-3.4M-1,CE Loss,216,0.062565
KL/CE annealing,exp-tsc-8k-kl99to50-t1-48h-3L-3.4M-1,CE Loss,217,0.050757
KL/CE annealing,exp-tsc-8k-kl99to50-t1-48h-3L-3.4M-1,CE Loss,218,0.057437
KL/CE annealing,exp-tsc-8k-kl99to50-t1-48h-3L-3.4M-1,CE Loss,219,0.052167
KL/CE annealing,exp-tsc-8k-kl99to50-t1-48h-3L-3.4M-1,CE Loss,220,0.059266
KL/CE annealing,exp-tsc-8k-kl99to50-t1-48h-3L-3.4M-1,CE Loss,221,0.062534
KL/CE annealing,exp-tsc-8k-kl99to50-t1-48h-3L-3.4M-1,CE Loss,222,0.060548
KL/CE annealing,exp-tsc-8k-kl99to50-t1-48h-3L-3.4M-1,CE Loss,223,0.048775
KL/CE annealing,exp-tsc-8k-kl99to50-t1-48h-3L-3.4M-1,CE Loss,224,0.067773
KL/CE annealing,exp-tsc-8k-kl99to50-t1-48h-3L-3.4M-1,CE Loss,225,0.055684
KL/CE annealing,exp-tsc-8k-kl99to50-t1-48h-3L-3.4M-1,CE Loss,226,0.05732
KL/CE annealing,exp-tsc-8k-kl99to50-t1-48h-3L-3.4M-1,CE Loss,227,0.046526
KL/CE annealing,exp-tsc-8k-kl99to50-t1-48h-3L-3.4M-1,CE Loss,228,0.056534
KL/CE annealing,exp-tsc-8k-kl99to50-t1-48h-3L-3.4M-1,CE Loss,229,0.053507
KL/CE annealing,exp-tsc-8k-kl99to50-t1-48h-3L-3.4M-1,CE Loss,230,0.054984
KL/CE annealing,exp-tsc-8k-kl99to50-t1-48h-3L-3.4M-1,CE Loss,231,0.054032
KL/CE annealing,exp-tsc-8k-kl99to50-t1-48h-3L-3.4M-1,CE Loss,232,0.063155
KL/CE annealing,exp-tsc-8k-kl99to50-t1-48h-3L-3.4M-1,CE Loss,233,0.054548
KL/CE annealing,exp-tsc-8k-kl99to50-t1-48h-3L-3.4M-1,CE Loss,234,0.056759
KL/CE annealing,exp-tsc-8k-kl99to50-t1-48h-3L-3.4M-1,CE Loss,235,0.054835
KL/CE annealing,exp-tsc-8k-kl99to50-t1-48h-3L-3.4M-1,CE Loss,236,0.051583
KL/CE annealing,exp-tsc-8k-kl99to50-t1-48h-3L-3.4M-1,CE Loss,237,0.064824
KL/CE annealing,exp-tsc-8k-kl99to50-t1-48h-3L-3.4M-1,CE Loss,238,0.051356
KL/CE annealing,exp-tsc-8k-kl99to50-t1-48h-3L-3.4M-1,CE Loss,239,0.066765
KL/CE annealing,exp-tsc-8k-kl99to50-t1-48h-3L-3.4M-1,CE Loss,240,0.05104
KL/CE annealing,exp-tsc-8k-kl99to50-t1-48h-3L-3.4M-1,CE Loss,241,0.052693
KL/CE annealing,exp-tsc-8k-kl99to50-t1-48h-3L-3.4M-1,CE Loss,242,0.063777
KL/CE annealing,exp-tsc-8k-kl99to50-t1-48h-3L-3.4M-1,CE Loss,243,0.049546
KL/CE annealing,exp-tsc-8k-kl99to50-t1-48h-3L-3.4M-1,CE Loss,244,0.054531
KL/CE annealing,exp-tsc-8k-kl99to50-t1-48h-3L-3.4M-1,CE Loss,245,0.059783
KL/CE annealing,exp-tsc-8k-kl99to50-t1-48h-3L-3.4M-1,CE Loss,246,0.05192
KL/CE annealing,exp-tsc-8k-kl99to50-t1-48h-3L-3.4M-1,CE Loss,247,0.050108
KL/CE annealing,exp-tsc-8k-kl99to50-t1-48h-3L-3.4M-1,CE Loss,248,0.054886
KL/CE annealing,exp-tsc-8k-kl99to50-t1-48h-3L-3.4M-1,CE Loss,249,0.049872
KL/CE annealing,exp-tsc-8k-kl99to50-t1-48h-3L-3.4M-1,Accuracy,1,65.53999999999999
KL/CE annealing,exp-tsc-8k-kl99to50-t1-48h-3L-3.4M-1,Accuracy,2,73.33
KL/CE annealing,exp-tsc-8k-kl99to50-t1-48h-3L-3.4M-1,Accuracy,3,75.76
KL/CE annealing,exp-tsc-8k-kl99to50-t1-48h-3L-3.4M-1,Accuracy,4,75.14
KL/CE annealing,exp-tsc-8k-kl99to50-t1-48h-3L-3.4M-1,Accuracy,5,76.19
KL/CE annealing,exp-tsc-8k-kl99to50-t1-48h-3L-3.4M-1,Accuracy,6,76.42999999999999
KL/CE annealing,exp-tsc-8k-kl99to50-t1-48h-3L-3.4M-1,Accuracy,7,78.47
KL/CE annealing,exp-tsc-8k-kl99to50-t1-48h-3L-3.4M-1,Accuracy,8,80.80000000000001
KL/CE annealing,exp-tsc-8k-kl99to50-t1-48h-3L-3.4M-1,Accuracy,9,82.38
KL/CE annealing,exp-tsc-8k-kl99to50-t1-48h-3L-3.4M-1,Accuracy,10,86.55000000000001
KL/CE annealing,exp-tsc-8k-kl99to50-t1-48h-3L-3.4M-1,Accuracy,11,91.23
KL/CE annealing,exp-tsc-8k-kl99to50-t1-48h-3L-3.4M-1,Accuracy,12,93.47999999999999
KL/CE annealing,exp-tsc-8k-kl99to50-t1-48h-3L-3.4M-1,Accuracy,13,93.65
KL/CE annealing,exp-tsc-8k-kl99to50-t1-48h-3L-3.4M-1,Accuracy,14,94.94
KL/CE annealing,exp-tsc-8k-kl99to50-t1-48h-3L-3.4M-1,Accuracy,15,94.61
KL/CE annealing,exp-tsc-8k-kl99to50-t1-48h-3L-3.4M-1,Accuracy,16,96.94
KL/CE annealing,exp-tsc-8k-kl99to50-t1-48h-3L-3.4M-1,Accuracy,17,94.94
KL/CE annealing,exp-tsc-8k-kl99to50-t1-48h-3L-3.4M-1,Accuracy,18,95.39999999999999
KL/CE annealing,exp-tsc-8k-kl99to50-t1-48h-3L-3.4M-1,Accuracy,19,93.74
KL/CE annealing,exp-tsc-8k-kl99to50-t1-48h-3L-3.4M-1,Accuracy,20,94.69
KL/CE annealing,exp-tsc-8k-kl99to50-t1-48h-3L-3.4M-1,Accuracy,21,95.58
KL/CE annealing,exp-tsc-8k-kl99to50-t1-48h-3L-3.4M-1,Accuracy,22,96.61999999999999
KL/CE annealing,exp-tsc-8k-kl99to50-t1-48h-3L-3.4M-1,Accuracy,23,95.5
KL/CE annealing,exp-tsc-8k-kl99to50-t1-48h-3L-3.4M-1,Accuracy,24,96.06
KL/CE annealing,exp-tsc-8k-kl99to50-t1-48h-3L-3.4M-1,Accuracy,25,95.41
KL/CE annealing,exp-tsc-8k-kl99to50-t1-48h-3L-3.4M-1,Accuracy,26,93.73
KL/CE annealing,exp-tsc-8k-kl99to50-t1-48h-3L-3.4M-1,Accuracy,27,96.22
KL/CE annealing,exp-tsc-8k-kl99to50-t1-48h-3L-3.4M-1,Accuracy,28,95.09
KL/CE annealing,exp-tsc-8k-kl99to50-t1-48h-3L-3.4M-1,Accuracy,29,96.22
KL/CE annealing,exp-tsc-8k-kl99to50-t1-48h-3L-3.4M-1,Accuracy,30,95.89999999999999
KL/CE annealing,exp-tsc-8k-kl99to50-t1-48h-3L-3.4M-1,Accuracy,31,96.22
KL/CE annealing,exp-tsc-8k-kl99to50-t1-48h-3L-3.4M-1,Accuracy,32,96.95
KL/CE annealing,exp-tsc-8k-kl99to50-t1-48h-3L-3.4M-1,Accuracy,33,96.38
KL/CE annealing,exp-tsc-8k-kl99to50-t1-48h-3L-3.4M-1,Accuracy,34,95.89999999999999
KL/CE annealing,exp-tsc-8k-kl99to50-t1-48h-3L-3.4M-1,Accuracy,35,96.14
KL/CE annealing,exp-tsc-8k-kl99to50-t1-48h-3L-3.4M-1,Accuracy,36,95.16
KL/CE annealing,exp-tsc-8k-kl99to50-t1-48h-3L-3.4M-1,Accuracy,37,95.33
KL/CE annealing,exp-tsc-8k-kl99to50-t1-48h-3L-3.4M-1,Accuracy,38,96.54
KL/CE annealing,exp-tsc-8k-kl99to50-t1-48h-3L-3.4M-1,Accuracy,39,96.3
KL/CE annealing,exp-tsc-8k-kl99to50-t1-48h-3L-3.4M-1,Accuracy,40,96.3
KL/CE annealing,exp-tsc-8k-kl99to50-t1-48h-3L-3.4M-1,Accuracy,41,96.7
KL/CE annealing,exp-tsc-8k-kl99to50-t1-48h-3L-3.4M-1,Accuracy,42,96.7
KL/CE annealing,exp-tsc-8k-kl99to50-t1-48h-3L-3.4M-1,Accuracy,43,96.28999999999999
KL/CE annealing,exp-tsc-8k-kl99to50-t1-48h-3L-3.4M-1,Accuracy,44,97.02
KL/CE annealing,exp-tsc-8k-kl99to50-t1-48h-3L-3.4M-1,Accuracy,45,96.37
KL/CE annealing,exp-tsc-8k-kl99to50-t1-48h-3L-3.4M-1,Accuracy,46,96.13000000000001
KL/CE annealing,exp-tsc-8k-kl99to50-t1-48h-3L-3.4M-1,Accuracy,47,96.63000000000001
KL/CE annealing,exp-tsc-8k-kl99to50-t1-48h-3L-3.4M-1,Accuracy,48,96.28999999999999
KL/CE annealing,exp-tsc-8k-kl99to50-t1-48h-3L-3.4M-1,Accuracy,49,96.46000000000001
KL/CE annealing,exp-tsc-8k-kl99to50-t1-48h-3L-3.4M-1,Accuracy,50,96.13000000000001
KL/CE annealing,exp-tsc-8k-kl99to50-t1-48h-3L-3.4M-1,Accuracy,51,97.27
KL/CE annealing,exp-tsc-8k-kl99to50-t1-48h-3L-3.4M-1,Accuracy,52,97.11
KL/CE annealing,exp-tsc-8k-kl99to50-t1-48h-3L-3.4M-1,Accuracy,53,96.46000000000001
KL/CE annealing,exp-tsc-8k-kl99to50-t1-48h-3L-3.4M-1,Accuracy,54,96.95
KL/CE annealing,exp-tsc-8k-kl99to50-t1-48h-3L-3.4M-1,Accuracy,55,96.3
KL/CE annealing,exp-tsc-8k-kl99to50-t1-48h-3L-3.4M-1,Accuracy,56,97.02
KL/CE annealing,exp-tsc-8k-kl99to50-t1-48h-3L-3.4M-1,Accuracy,57,96.78999999999999
KL/CE annealing,exp-tsc-8k-kl99to50-t1-48h-3L-3.4M-1,Accuracy,58,97.5
KL/CE annealing,exp-tsc-8k-kl99to50-t1-48h-3L-3.4M-1,Accuracy,59,98.07000000000001
KL/CE annealing,exp-tsc-8k-kl99to50-t1-48h-3L-3.4M-1,Accuracy,60,96.86
KL/CE annealing,exp-tsc-8k-kl99to50-t1-48h-3L-3.4M-1,Accuracy,61,96.94
KL/CE annealing,exp-tsc-8k-kl99to50-t1-48h-3L-3.4M-1,Accuracy,62,96.06
KL/CE annealing,exp-tsc-8k-kl99to50-t1-48h-3L-3.4M-1,Accuracy,63,96.63000000000001
KL/CE annealing,exp-tsc-8k-kl99to50-t1-48h-3L-3.4M-1,Accuracy,64,97.91
KL/CE annealing,exp-tsc-8k-kl99to50-t1-48h-3L-3.4M-1,Accuracy,65,97.35000000000001
KL/CE annealing,exp-tsc-8k-kl99to50-t1-48h-3L-3.4M-1,Accuracy,66,96.61
KL/CE annealing,exp-tsc-8k-kl99to50-t1-48h-3L-3.4M-1,Accuracy,67,97.35000000000001
KL/CE annealing,exp-tsc-8k-kl99to50-t1-48h-3L-3.4M-1,Accuracy,68,96.78
KL/CE annealing,exp-tsc-8k-kl99to50-t1-48h-3L-3.4M-1,Accuracy,69,97.02
KL/CE annealing,exp-tsc-8k-kl99to50-t1-48h-3L-3.4M-1,Accuracy,70,97.83
KL/CE annealing,exp-tsc-8k-kl99to50-t1-48h-3L-3.4M-1,Accuracy,71,96.86
KL/CE annealing,exp-tsc-8k-kl99to50-t1-48h-3L-3.4M-1,Accuracy,72,97.03
KL/CE annealing,exp-tsc-8k-kl99to50-t1-48h-3L-3.4M-1,Accuracy,73,97.82
KL/CE annealing,exp-tsc-8k-kl99to50-t1-48h-3L-3.4M-1,Accuracy,74,96.94
KL/CE annealing,exp-tsc-8k-kl99to50-t1-48h-3L-3.4M-1,Accuracy,75,96.61999999999999
KL/CE annealing,exp-tsc-8k-kl99to50-t1-48h-3L-3.4M-1,Accuracy,76,97.27
KL/CE annealing,exp-tsc-8k-kl99to50-t1-48h-3L-3.4M-1,Accuracy,77,96.86
KL/CE annealing,exp-tsc-8k-kl99to50-t1-48h-3L-3.4M-1,Accuracy,78,96.7
KL/CE annealing,exp-tsc-8k-kl99to50-t1-48h-3L-3.4M-1,Accuracy,79,97.02
KL/CE annealing,exp-tsc-8k-kl99to50-t1-48h-3L-3.4M-1,Accuracy,80,97.11
KL/CE annealing,exp-tsc-8k-kl99to50-t1-48h-3L-3.4M-1,Accuracy,81,97.1
KL/CE annealing,exp-tsc-8k-kl99to50-t1-48h-3L-3.4M-1,Accuracy,82,97.27
KL/CE annealing,exp-tsc-8k-kl99to50-t1-48h-3L-3.4M-1,Accuracy,83,97.11
KL/CE annealing,exp-tsc-8k-kl99to50-t1-48h-3L-3.4M-1,Accuracy,84,97.18
KL/CE annealing,exp-tsc-8k-kl99to50-t1-48h-3L-3.4M-1,Accuracy,85,96.78
KL/CE annealing,exp-tsc-8k-kl99to50-t1-48h-3L-3.4M-1,Accuracy,86,97.84
KL/CE annealing,exp-tsc-8k-kl99to50-t1-48h-3L-3.4M-1,Accuracy,87,97.75
KL/CE annealing,exp-tsc-8k-kl99to50-t1-48h-3L-3.4M-1,Accuracy,88,97.26
KL/CE annealing,exp-tsc-8k-kl99to50-t1-48h-3L-3.4M-1,Accuracy,89,97.58
KL/CE annealing,exp-tsc-8k-kl99to50-t1-48h-3L-3.4M-1,Accuracy,90,97.43
KL/CE annealing,exp-tsc-8k-kl99to50-t1-48h-3L-3.4M-1,Accuracy,91,97.74000000000001
KL/CE annealing,exp-tsc-8k-kl99to50-t1-48h-3L-3.4M-1,Accuracy,92,97.35000000000001
KL/CE annealing,exp-tsc-8k-kl99to50-t1-48h-3L-3.4M-1,Accuracy,93,97.34
KL/CE annealing,exp-tsc-8k-kl99to50-t1-48h-3L-3.4M-1,Accuracy,94,97.75
KL/CE annealing,exp-tsc-8k-kl99to50-t1-48h-3L-3.4M-1,Accuracy,95,97.59
KL/CE annealing,exp-tsc-8k-kl99to50-t1-48h-3L-3.4M-1,Accuracy,96,97.43
KL/CE annealing,exp-tsc-8k-kl99to50-t1-48h-3L-3.4M-1,Accuracy,97,97.58
KL/CE annealing,exp-tsc-8k-kl99to50-t1-48h-3L-3.4M-1,Accuracy,98,97.43
KL/CE annealing,exp-tsc-8k-kl99to50-t1-48h-3L-3.4M-1,Accuracy,99,97.43
KL/CE annealing,exp-tsc-8k-kl99to50-t1-48h-3L-3.4M-1,Accuracy,100,97.18
KL/CE annealing,exp-tsc-8k-kl99to50-t1-48h-3L-3.4M-1,Accuracy,101,97.58
KL/CE annealing,exp-tsc-8k-kl99to50-t1-48h-3L-3.4M-1,Accuracy,102,97.34
KL/CE annealing,exp-tsc-8k-kl99to50-t1-48h-3L-3.4M-1,Accuracy,103,97.59
KL/CE annealing,exp-tsc-8k-kl99to50-t1-48h-3L-3.4M-1,Accuracy,104,97.89999999999999
KL/CE annealing,exp-tsc-8k-kl99to50-t1-48h-3L-3.4M-1,Accuracy,105,97.26
KL/CE annealing,exp-tsc-8k-kl99to50-t1-48h-3L-3.4M-1,Accuracy,106,97.67
KL/CE annealing,exp-tsc-8k-kl99to50-t1-48h-3L-3.4M-1,Accuracy,107,97.27
KL/CE annealing,exp-tsc-8k-kl99to50-t1-48h-3L-3.4M-1,Accuracy,108,97.50999999999999
KL/CE annealing,exp-tsc-8k-kl99to50-t1-48h-3L-3.4M-1,Accuracy,109,96.77
KL/CE annealing,exp-tsc-8k-kl99to50-t1-48h-3L-3.4M-1,Accuracy,110,96.54
KL/CE annealing,exp-tsc-8k-kl99to50-t1-48h-3L-3.4M-1,Accuracy,111,97.50999999999999
KL/CE annealing,exp-tsc-8k-kl99to50-t1-48h-3L-3.4M-1,Accuracy,112,97.75
KL/CE annealing,exp-tsc-8k-kl99to50-t1-48h-3L-3.4M-1,Accuracy,113,97.42
KL/CE annealing,exp-tsc-8k-kl99to50-t1-48h-3L-3.4M-1,Accuracy,114,97.66
KL/CE annealing,exp-tsc-8k-kl99to50-t1-48h-3L-3.4M-1,Accuracy,115,97.43
KL/CE annealing,exp-tsc-8k-kl99to50-t1-48h-3L-3.4M-1,Accuracy,116,97.75
KL/CE annealing,exp-tsc-8k-kl99to50-t1-48h-3L-3.4M-1,Accuracy,117,97.02
KL/CE annealing,exp-tsc-8k-kl99to50-t1-48h-3L-3.4M-1,Accuracy,118,97.18
KL/CE annealing,exp-tsc-8k-kl99to50-t1-48h-3L-3.4M-1,Accuracy,119,97.02
KL/CE annealing,exp-tsc-8k-kl99to50-t1-48h-3L-3.4M-1,Accuracy,120,97.18
KL/CE annealing,exp-tsc-8k-kl99to50-t1-48h-3L-3.4M-1,Accuracy,121,97.18
KL/CE annealing,exp-tsc-8k-kl99to50-t1-48h-3L-3.4M-1,Accuracy,122,97.11
KL/CE annealing,exp-tsc-8k-kl99to50-t1-48h-3L-3.4M-1,Accuracy,123,97.75
KL/CE annealing,exp-tsc-8k-kl99to50-t1-48h-3L-3.4M-1,Accuracy,124,97.43
KL/CE annealing,exp-tsc-8k-kl99to50-t1-48h-3L-3.4M-1,Accuracy,125,97.34
KL/CE annealing,exp-tsc-8k-kl99to50-t1-48h-3L-3.4M-1,Accuracy,126,97.59
KL/CE annealing,exp-tsc-8k-kl99to50-t1-48h-3L-3.4M-1,Accuracy,127,96.7
KL/CE annealing,exp-tsc-8k-kl99to50-t1-48h-3L-3.4M-1,Accuracy,128,97.59
KL/CE annealing,exp-tsc-8k-kl99to50-t1-48h-3L-3.4M-1,Accuracy,129,97.99
KL/CE annealing,exp-tsc-8k-kl99to50-t1-48h-3L-3.4M-1,Accuracy,130,98.07000000000001
KL/CE annealing,exp-tsc-8k-kl99to50-t1-48h-3L-3.4M-1,Accuracy,131,97.35000000000001
KL/CE annealing,exp-tsc-8k-kl99to50-t1-48h-3L-3.4M-1,Accuracy,132,97.34
KL/CE annealing,exp-tsc-8k-kl99to50-t1-48h-3L-3.4M-1,Accuracy,133,97.59
KL/CE annealing,exp-tsc-8k-kl99to50-t1-48h-3L-3.4M-1,Accuracy,134,97.42
KL/CE annealing,exp-tsc-8k-kl99to50-t1-48h-3L-3.4M-1,Accuracy,135,97.58
KL/CE annealing,exp-tsc-8k-kl99to50-t1-48h-3L-3.4M-1,Accuracy,136,97.26
KL/CE annealing,exp-tsc-8k-kl99to50-t1-48h-3L-3.4M-1,Accuracy,137,97.75
KL/CE annealing,exp-tsc-8k-kl99to50-t1-48h-3L-3.4M-1,Accuracy,138,97.50999999999999
KL/CE annealing,exp-tsc-8k-kl99to50-t1-48h-3L-3.4M-1,Accuracy,139,97.26
KL/CE annealing,exp-tsc-8k-kl99to50-t1-48h-3L-3.4M-1,Accuracy,140,97.11
KL/CE annealing,exp-tsc-8k-kl99to50-t1-48h-3L-3.4M-1,Accuracy,141,97.26
KL/CE annealing,exp-tsc-8k-kl99to50-t1-48h-3L-3.4M-1,Accuracy,142,97.82
KL/CE annealing,exp-tsc-8k-kl99to50-t1-48h-3L-3.4M-1,Accuracy,143,97.42
KL/CE annealing,exp-tsc-8k-kl99to50-t1-48h-3L-3.4M-1,Accuracy,144,97.35000000000001
KL/CE annealing,exp-tsc-8k-kl99to50-t1-48h-3L-3.4M-1,Accuracy,145,97.50999999999999
KL/CE annealing,exp-tsc-8k-kl99to50-t1-48h-3L-3.4M-1,Accuracy,146,97.98
KL/CE annealing,exp-tsc-8k-kl99to50-t1-48h-3L-3.4M-1,Accuracy,147,97.1
KL/CE annealing,exp-tsc-8k-kl99to50-t1-48h-3L-3.4M-1,Accuracy,148,97.43
KL/CE annealing,exp-tsc-8k-kl99to50-t1-48h-3L-3.4M-1,Accuracy,149,97.43
KL/CE annealing,exp-tsc-8k-kl99to50-t1-48h-3L-3.4M-1,Accuracy,150,97.75
KL/CE annealing,exp-tsc-8k-kl99to50-t1-48h-3L-3.4M-1,Accuracy,151,97.59
KL/CE annealing,exp-tsc-8k-kl99to50-t1-48h-3L-3.4M-1,Accuracy,152,97.91
KL/CE annealing,exp-tsc-8k-kl99to50-t1-48h-3L-3.4M-1,Accuracy,153,97.66
KL/CE annealing,exp-tsc-8k-kl99to50-t1-48h-3L-3.4M-1,Accuracy,154,96.95
KL/CE annealing,exp-tsc-8k-kl99to50-t1-48h-3L-3.4M-1,Accuracy,155,97.91
KL/CE annealing,exp-tsc-8k-kl99to50-t1-48h-3L-3.4M-1,Accuracy,156,97.26
KL/CE annealing,exp-tsc-8k-kl99to50-t1-48h-3L-3.4M-1,Accuracy,157,97.27
KL/CE annealing,exp-tsc-8k-kl99to50-t1-48h-3L-3.4M-1,Accuracy,158,98.39
KL/CE annealing,exp-tsc-8k-kl99to50-t1-48h-3L-3.4M-1,Accuracy,159,97.33000000000001
KL/CE annealing,exp-tsc-8k-kl99to50-t1-48h-3L-3.4M-1,Accuracy,160,98.79
KL/CE annealing,exp-tsc-8k-kl99to50-t1-48h-3L-3.4M-1,Accuracy,161,98.31
KL/CE annealing,exp-tsc-8k-kl99to50-t1-48h-3L-3.4M-1,Accuracy,162,98.0
KL/CE annealing,exp-tsc-8k-kl99to50-t1-48h-3L-3.4M-1,Accuracy,163,97.18
KL/CE annealing,exp-tsc-8k-kl99to50-t1-48h-3L-3.4M-1,Accuracy,164,97.50999999999999
KL/CE annealing,exp-tsc-8k-kl99to50-t1-48h-3L-3.4M-1,Accuracy,165,98.8
KL/CE annealing,exp-tsc-8k-kl99to50-t1-48h-3L-3.4M-1,Accuracy,166,97.18
KL/CE annealing,exp-tsc-8k-kl99to50-t1-48h-3L-3.4M-1,Accuracy,167,97.83
KL/CE annealing,exp-tsc-8k-kl99to50-t1-48h-3L-3.4M-1,Accuracy,168,97.67
KL/CE annealing,exp-tsc-8k-kl99to50-t1-48h-3L-3.4M-1,Accuracy,169,97.25
KL/CE annealing,exp-tsc-8k-kl99to50-t1-48h-3L-3.4M-1,Accuracy,170,97.26
KL/CE annealing,exp-tsc-8k-kl99to50-t1-48h-3L-3.4M-1,Accuracy,171,97.59
KL/CE annealing,exp-tsc-8k-kl99to50-t1-48h-3L-3.4M-1,Accuracy,172,98.47
KL/CE annealing,exp-tsc-8k-kl99to50-t1-48h-3L-3.4M-1,Accuracy,173,97.58
KL/CE annealing,exp-tsc-8k-kl99to50-t1-48h-3L-3.4M-1,Accuracy,174,98.07000000000001
KL/CE annealing,exp-tsc-8k-kl99to50-t1-48h-3L-3.4M-1,Accuracy,175,97.35000000000001
KL/CE annealing,exp-tsc-8k-kl99to50-t1-48h-3L-3.4M-1,Accuracy,176,96.85000000000001
KL/CE annealing,exp-tsc-8k-kl99to50-t1-48h-3L-3.4M-1,Accuracy,177,97.5
KL/CE annealing,exp-tsc-8k-kl99to50-t1-48h-3L-3.4M-1,Accuracy,178,97.27
KL/CE annealing,exp-tsc-8k-kl99to50-t1-48h-3L-3.4M-1,Accuracy,179,97.35000000000001
KL/CE annealing,exp-tsc-8k-kl99to50-t1-48h-3L-3.4M-1,Accuracy,180,98.15
KL/CE annealing,exp-tsc-8k-kl99to50-t1-48h-3L-3.4M-1,Accuracy,181,97.89999999999999
KL/CE annealing,exp-tsc-8k-kl99to50-t1-48h-3L-3.4M-1,Accuracy,182,98.07000000000001
KL/CE annealing,exp-tsc-8k-kl99to50-t1-48h-3L-3.4M-1,Accuracy,183,97.99
KL/CE annealing,exp-tsc-8k-kl99to50-t1-48h-3L-3.4M-1,Accuracy,184,97.75
KL/CE annealing,exp-tsc-8k-kl99to50-t1-48h-3L-3.4M-1,Accuracy,185,97.75
KL/CE annealing,exp-tsc-8k-kl99to50-t1-48h-3L-3.4M-1,Accuracy,186,97.27
KL/CE annealing,exp-tsc-8k-kl99to50-t1-48h-3L-3.4M-1,Accuracy,187,97.34
KL/CE annealing,exp-tsc-8k-kl99to50-t1-48h-3L-3.4M-1,Accuracy,188,97.66
KL/CE annealing,exp-tsc-8k-kl99to50-t1-48h-3L-3.4M-1,Accuracy,189,97.75
KL/CE annealing,exp-tsc-8k-kl99to50-t1-48h-3L-3.4M-1,Accuracy,190,98.07000000000001
KL/CE annealing,exp-tsc-8k-kl99to50-t1-48h-3L-3.4M-1,Accuracy,191,97.25
KL/CE annealing,exp-tsc-8k-kl99to50-t1-48h-3L-3.4M-1,Accuracy,192,97.02
KL/CE annealing,exp-tsc-8k-kl99to50-t1-48h-3L-3.4M-1,Accuracy,193,97.26
KL/CE annealing,exp-tsc-8k-kl99to50-t1-48h-3L-3.4M-1,Accuracy,194,97.1
KL/CE annealing,exp-tsc-8k-kl99to50-t1-48h-3L-3.4M-1,Accuracy,195,97.1
KL/CE annealing,exp-tsc-8k-kl99to50-t1-48h-3L-3.4M-1,Accuracy,196,97.83
KL/CE annealing,exp-tsc-8k-kl99to50-t1-48h-3L-3.4M-1,Accuracy,197,97.83
KL/CE annealing,exp-tsc-8k-kl99to50-t1-48h-3L-3.4M-1,Accuracy,198,98.22999999999999
KL/CE annealing,exp-tsc-8k-kl99to50-t1-48h-3L-3.4M-1,Accuracy,199,97.67
KL/CE annealing,exp-tsc-8k-kl99to50-t1-48h-3L-3.4M-1,Accuracy,200,98.22999999999999
KL/CE annealing,exp-tsc-8k-kl99to50-t1-48h-3L-3.4M-1,Accuracy,201,98.07000000000001
KL/CE annealing,exp-tsc-8k-kl99to50-t1-48h-3L-3.4M-1,Accuracy,202,97.83
KL/CE annealing,exp-tsc-8k-kl99to50-t1-48h-3L-3.4M-1,Accuracy,203,97.58
KL/CE annealing,exp-tsc-8k-kl99to50-t1-48h-3L-3.4M-1,Accuracy,204,97.99
KL/CE annealing,exp-tsc-8k-kl99to50-t1-48h-3L-3.4M-1,Accuracy,205,98.15
KL/CE annealing,exp-tsc-8k-kl99to50-t1-48h-3L-3.4M-1,Accuracy,206,98.15
KL/CE annealing,exp-tsc-8k-kl99to50-t1-48h-3L-3.4M-1,Accuracy,207,97.5
KL/CE annealing,exp-tsc-8k-kl99to50-t1-48h-3L-3.4M-1,Accuracy,208,97.82
KL/CE annealing,exp-tsc-8k-kl99to50-t1-48h-3L-3.4M-1,Accuracy,209,97.58
KL/CE annealing,exp-tsc-8k-kl99to50-t1-48h-3L-3.4M-1,Accuracy,210,98.07000000000001
KL/CE annealing,exp-tsc-8k-kl99to50-t1-48h-3L-3.4M-1,Accuracy,211,97.75
KL/CE annealing,exp-tsc-8k-kl99to50-t1-48h-3L-3.4M-1,Accuracy,212,97.43
KL/CE annealing,exp-tsc-8k-kl99to50-t1-48h-3L-3.4M-1,Accuracy,213,97.26
KL/CE annealing,exp-tsc-8k-kl99to50-t1-48h-3L-3.4M-1,Accuracy,214,96.78
KL/CE annealing,exp-tsc-8k-kl99to50-t1-48h-3L-3.4M-1,Accuracy,215,97.83
KL/CE annealing,exp-tsc-8k-kl99to50-t1-48h-3L-3.4M-1,Accuracy,216,97.5
KL/CE annealing,exp-tsc-8k-kl99to50-t1-48h-3L-3.4M-1,Accuracy,217,98.07000000000001
KL/CE annealing,exp-tsc-8k-kl99to50-t1-48h-3L-3.4M-1,Accuracy,218,97.5
KL/CE annealing,exp-tsc-8k-kl99to50-t1-48h-3L-3.4M-1,Accuracy,219,97.91
KL/CE annealing,exp-tsc-8k-kl99to50-t1-48h-3L-3.4M-1,Accuracy,220,97.91
KL/CE annealing,exp-tsc-8k-kl99to50-t1-48h-3L-3.4M-1,Accuracy,221,97.18
KL/CE annealing,exp-tsc-8k-kl99to50-t1-48h-3L-3.4M-1,Accuracy,222,97.43
KL/CE annealing,exp-tsc-8k-kl99to50-t1-48h-3L-3.4M-1,Accuracy,223,98.15
KL/CE annealing,exp-tsc-8k-kl99to50-t1-48h-3L-3.4M-1,Accuracy,224,97.26
KL/CE annealing,exp-tsc-8k-kl99to50-t1-48h-3L-3.4M-1,Accuracy,225,97.83
KL/CE annealing,exp-tsc-8k-kl99to50-t1-48h-3L-3.4M-1,Accuracy,226,97.59
KL/CE annealing,exp-tsc-8k-kl99to50-t1-48h-3L-3.4M-1,Accuracy,227,98.39
KL/CE annealing,exp-tsc-8k-kl99to50-t1-48h-3L-3.4M-1,Accuracy,228,97.67
KL/CE annealing,exp-tsc-8k-kl99to50-t1-48h-3L-3.4M-1,Accuracy,229,97.58
KL/CE annealing,exp-tsc-8k-kl99to50-t1-48h-3L-3.4M-1,Accuracy,230,97.26
KL/CE annealing,exp-tsc-8k-kl99to50-t1-48h-3L-3.4M-1,Accuracy,231,97.26
KL/CE annealing,exp-tsc-8k-kl99to50-t1-48h-3L-3.4M-1,Accuracy,232,97.17
KL/CE annealing,exp-tsc-8k-kl99to50-t1-48h-3L-3.4M-1,Accuracy,233,97.50999999999999
KL/CE annealing,exp-tsc-8k-kl99to50-t1-48h-3L-3.4M-1,Accuracy,234,97.74000000000001
KL/CE annealing,exp-tsc-8k-kl99to50-t1-48h-3L-3.4M-1,Accuracy,235,97.89999999999999
KL/CE annealing,exp-tsc-8k-kl99to50-t1-48h-3L-3.4M-1,Accuracy,236,97.83
KL/CE annealing,exp-tsc-8k-kl99to50-t1-48h-3L-3.4M-1,Accuracy,237,97.09
KL/CE annealing,exp-tsc-8k-kl99to50-t1-48h-3L-3.4M-1,Accuracy,238,97.91
KL/CE annealing,exp-tsc-8k-kl99to50-t1-48h-3L-3.4M-1,Accuracy,239,97.58
KL/CE annealing,exp-tsc-8k-kl99to50-t1-48h-3L-3.4M-1,Accuracy,240,97.66
KL/CE annealing,exp-tsc-8k-kl99to50-t1-48h-3L-3.4M-1,Accuracy,241,97.99
KL/CE annealing,exp-tsc-8k-kl99to50-t1-48h-3L-3.4M-1,Accuracy,242,97.35000000000001
KL/CE annealing,exp-tsc-8k-kl99to50-t1-48h-3L-3.4M-1,Accuracy,243,98.15
KL/CE annealing,exp-tsc-8k-kl99to50-t1-48h-3L-3.4M-1,Accuracy,244,97.58
KL/CE annealing,exp-tsc-8k-kl99to50-t1-48h-3L-3.4M-1,Accuracy,245,97.75
KL/CE annealing,exp-tsc-8k-kl99to50-t1-48h-3L-3.4M-1,Accuracy,246,97.91
KL/CE annealing,exp-tsc-8k-kl99to50-t1-48h-3L-3.4M-1,Accuracy,247,98.07000000000001
KL/CE annealing,exp-tsc-8k-kl99to50-t1-48h-3L-3.4M-1,Accuracy,248,97.74000000000001
KL/CE annealing,exp-tsc-8k-kl99to50-t1-48h-3L-3.4M-1,Accuracy,249,97.99
